"Column1","Column2","Column3","Column4","Column5","Column6","Column7","Column8","Column9","Column10","Column11","Column12","Column13","Column14","Column15","Column16","Column17","Column18","Column19","Column20","Column21","Column22","Column23","Column24","Column25","Column26","Column27","Column28","Column29","Column30","Column31","Column32","Column33","Column34","Column35","Column36","Column37","Column38","Column39","Column40","Column41","Column42","Column43","Column44","Column45","Column46","Column47","Column48","Column49","Column50","Column51","Column52","MEASURE - Metric tons in millions"
"",YEAR,"1970","1971","1972","1973","1974","1975","1976","1977","1978","1979","1980","1981","1982","1983","1984","1985","1986","1987","1988","1989","1990","1991","1992","1993","1994","1995","1996","1997","1998","1999","2000","2001","2002","2003","2004","2005",2006.0,2007.0,2008.0,2009.0,2010.0,2011.0,2012.0,2013.0,2014.0,2015.0,2016.0,2017.0,2018.0,2019.0,2020.0
World,Crude oil loaded,"1207","1210","1321","1514","1497","1364","1555","1599","1604","1725","1527","1364","1163","1069","1079","1049","1126","1107","1160","1260","1287","1333","1394","1443","1498","1532","1590","1626","1548","1553","1605","1678","1637","1690","1770","1857",1783.415,1813.6855,1784.849,1710.1389,1784.592,1750.9807,1785.4253,1737.6741,1711.7013,1760.7505,1832.2593,1874.5718,1881.05,1860.2627,1715.9596
World,Other tanker trade loaded,"233","320","332","353","335","280","289","293","296","318","344","327","350","392","399","410","424","441","456","468","468","457","466","502","509","518","537","546","534","532","558","499","509","533","546","565",914.90985,933.6598,957.15753,931.14124,967.71643,1028.4744,1054.7084,1090.5824,1121.4996,1178.0502,1238.1068,1279.0151,1319.75,1302.6498,1202.3019
World,Dry cargo loaded,"1165","1162","1221","1407","1472","1428","1522","1576","1650","1785","1833","1864","1760","1770","1886","1895","1835","1987","2119","2212","2253","2330","2360","2385","2478","2601","2631","2781","3549","3598","3821","3844","3981","4257","4442","4687",5003.782,5288.8853,5485.5225,5176.829,5648.615,5959.098,6357.247,6624.6694,6983.2427,7074.325,7176.248,7560.3027,7818.35,7907.6206,7730.0176
World,Total goods loaded,"2605","2692","2874","3274","3304","3072","3366","3468","3550","3828","3704","3555","3273","3231","3364","3330","3385","3505","3735","3940","4008","4120","4220","4330","4485","4651","4758","4953","5631","5683","5984","6020","6127","6480","6758","7109",7702.107,8036.2305,8227.529,7818.1094,8400.924,8738.554,9197.381,9452.926,9816.443,10013.126,10246.614,10713.89,11019.15,11070.533,10648.278
World,Crude oil discharged,"1101","1199","1325","1521","1470","1373","1522","1585","1634","1724","1530","1363","1283","1133","1166","1128","1220","1110","1194","1300","1315","1355","1414","1465","1508","1550","1599","1625","1515","1543","1633","1712","1696","1743","1773","1854",1939.89,1996.1929,1942.7896,1874.597,1939.3851,1897.0154,1930.0068,1881.7648,1850.1562,1909.9578,1985.4719,2033.4543,2048.8032,2022.7567,1863.6173
World,Other tanker trade discharged,"298","300","316","339","312","287","312","321","321","308","326","310","330","349","371","367","390","408","422","433","466","441","451","480","490","508","480","522","548","510","513","534","540","536","545","573",897.17487,901.61957,932.77496,922.6986,970.7252,1039.307,1055.8433,1090.6643,1087.5588,1175.4686,1234.766,1287.8853,1338.5504,1320.4868,1221.977
World,Dry cargo discharged,"1131","1134","1217","1377","1472","1395","1518","1536","1570","1782","1823","1838","1780","1830","1928","1938","1860","2120","2248","2337","2365","2449","2480","2477","2575","2685","2734","2890","3855","3955","4097","3954","4099","4324","4469","4696",5065.6196,5165.4897,5419.3813,5044.116,5454.0464,5766.0347,6129.4507,6510.822,6782.239,6879.3003,7082.917,7365.6597,7629.393,7711.834,7545.4688
World,Total goods discharged,"2529","2632","2858","3237","3254","3055","3352","3442","3525","3814","3679","3512","3393","3312","3465","3433","3470","3628","3866","4070","4126","4245","4345","4422","4573","4743","4815","5037","5918","6007","6242","6201","6335","6603","6787","7122",7902.6846,8063.3022,8294.945,7841.4116,8364.156,8702.357,9115.301,9483.251,9719.954,9964.727,10303.155,10686.999,11016.747,11055.077,10631.063
  Africa,Crude oil loaded,..,..,..,..,..,..,..,..,..,..,..,..,..,..,..,..,..,..,..,..,..,..,..,..,..,..,..,..,..,..,..,..,..,..,..,..,353.756,362.51007,379.16077,354.00055,343.59558,338.0051,364.2283,327.53348,304.329,293.676,271.31952,291.32452,297.437,302.822,236.122
  Africa,Other tanker trade loaded,..,..,..,..,..,..,..,..,..,..,..,..,..,..,..,..,..,..,..,..,..,..,..,..,..,..,..,..,..,..,..,..,..,..,..,..,86.03178,81.84387,83.30696,82.958885,81.52263,68.51641,70.15009,82.38955,74.34615,58.576153,58.781826,70.433105,70.43386,91.64166,83.433365
  Africa,Dry cargo loaded,..,..,..,..,..,..,..,..,..,..,..,..,..,..,..,..,..,..,..,..,..,..,..,..,..,..,..,..,..,..,..,..,..,..,..,..,282.1156,287.737,300.88657,273.09506,301.27634,321.86963,325.83896,365.43042,359.4362,362.7567,363.5616,376.51917,395.16455,419.61823,415.90823
  Africa,Total goods loaded,..,..,..,..,..,..,..,..,..,..,..,..,..,..,..,..,..,..,..,..,..,..,..,..,..,..,..,..,..,..,..,..,..,..,..,..,721.9034,732.09094,763.3543,710.0545,726.39453,728.3912,760.21735,775.35345,738.1113,715.00885,693.66296,738.2768,763.0354,814.0819,735.46356
  Africa,Crude oil discharged,..,..,..,..,..,..,..,..,..,..,..,..,..,..,..,..,..,..,..,..,..,..,..,..,..,..,..,..,..,..,..,..,..,..,..,..,41.268745,45.702274,45.0193,44.600193,42.02015,37.7858,32.7685,36.611,37.19,39.35,38.698,40.511,39.042,35.314,30.599
  Africa,Other tanker trade discharged,..,..,..,..,..,..,..,..,..,..,..,..,..,..,..,..,..,..,..,..,..,..,..,..,..,..,..,..,..,..,..,..,..,..,..,..,39.001743,44.54132,43.524574,39.763218,39.33715,46.311794,51.0532,59.499264,70.999084,72.08121,81.189156,93.528885,99.938866,113.36432,107.94431
  Africa,Dry cargo discharged,..,..,..,..,..,..,..,..,..,..,..,..,..,..,..,..,..,..,..,..,..,..,..,..,..,..,..,..,..,..,..,..,..,..,..,..,268.7431,290.1789,288.47675,301.83804,319.35016,275.6798,298.92844,310.7108,337.00024,363.50543,360.1473,341.96503,362.82843,384.99542,371.51526
  Africa,Total goods discharged,..,..,..,..,..,..,..,..,..,..,..,..,..,..,..,..,..,..,..,..,..,..,..,..,..,..,..,..,..,..,..,..,..,..,..,..,349.01358,380.4225,377.02063,386.20145,400.70746,359.7774,382.75015,406.82104,445.18933,474.93665,480.03445,476.0049,501.8093,533.67377,510.0586
    Northern Africa,Crude oil loaded,..,..,..,..,..,..,..,..,..,..,..,..,..,..,..,..,..,..,..,..,..,..,..,..,..,..,..,..,..,..,..,..,..,..,..,..,129.23589,129.68526,132.9212,120.044846,122.584175,93.70909,127.958115,96.22176,67.882,63.452,57.645,83.6,88.436,92.243,54.443
    Northern Africa,Other tanker trade loaded,..,..,..,..,..,..,..,..,..,..,..,..,..,..,..,..,..,..,..,..,..,..,..,..,..,..,..,..,..,..,..,..,..,..,..,..,64.48202,62.595085,61.856842,65.44091,65.01003,41.627396,39.228657,53.096,43.936607,31.962606,29.718245,30.320606,28.657408,43.027607,37.749306
    Northern Africa,Dry cargo loaded,..,..,..,..,..,..,..,..,..,..,..,..,..,..,..,..,..,..,..,..,..,..,..,..,..,..,..,..,..,..,..,..,..,..,..,..,85.22585,82.51259,79.53475,72.16,78.50587,86.119934,91.03753,100.977776,95.58841,82.11341,83.085365,88.128654,105.420654,115.79615,113.79615
    Northern Africa,Total goods loaded,..,..,..,..,..,..,..,..,..,..,..,..,..,..,..,..,..,..,..,..,..,..,..,..,..,..,..,..,..,..,..,..,..,..,..,..,278.94376,274.79294,274.3128,257.64575,266.10007,221.45642,258.2243,250.29555,207.40701,177.52802,170.44861,202.04926,222.51405,251.06676,205.98846
    Northern Africa,Crude oil discharged,..,..,..,..,..,..,..,..,..,..,..,..,..,..,..,..,..,..,..,..,..,..,..,..,..,..,..,..,..,..,..,..,..,..,..,..,5.972803,7.528249,11.304,12.2433,11.2644,8.15,8.966,9.766,7.4,7.7,9.498,11.585,13.978,9.355,6.255
    Northern Africa,Other tanker trade discharged,..,..,..,..,..,..,..,..,..,..,..,..,..,..,..,..,..,..,..,..,..,..,..,..,..,..,..,..,..,..,..,..,..,..,..,..,13.827273,14.982804,17.142607,15.029252,15.141015,15.877,14.95288,22.08988,31.38188,29.175,28.586634,32.608,36.028,42.928,38.928
    Northern Africa,Dry cargo discharged,..,..,..,..,..,..,..,..,..,..,..,..,..,..,..,..,..,..,..,..,..,..,..,..,..,..,..,..,..,..,..,..,..,..,..,..,143.22824,156.55884,155.12598,163.0266,178.08783,135.20352,143.55286,149.72998,168.26288,188.06976,185.87439,178.81572,183.74612,190.61612,176.71613
    Northern Africa,Total goods discharged,..,..,..,..,..,..,..,..,..,..,..,..,..,..,..,..,..,..,..,..,..,..,..,..,..,..,..,..,..,..,..,..,..,..,..,..,163.02832,179.06989,183.57257,190.29915,204.49324,159.23051,167.47174,181.58586,207.04477,224.94476,223.95901,223.00873,233.75212,242.89912,221.89912
    Sub-Saharan Africa,Crude oil loaded,..,..,..,..,..,..,..,..,..,..,..,..,..,..,..,..,..,..,..,..,..,..,..,..,..,..,..,..,..,..,..,..,..,..,..,..,224.52011,232.82483,246.23956,233.9557,221.01141,244.296,236.2702,231.3117,236.447,230.224,213.67451,207.72452,209.001,210.579,181.679
    Sub-Saharan Africa,Other tanker trade loaded,..,..,..,..,..,..,..,..,..,..,..,..,..,..,..,..,..,..,..,..,..,..,..,..,..,..,..,..,..,..,..,..,..,..,..,..,21.549765,19.24879,21.450123,17.517975,16.512596,26.889015,30.921438,29.29355,30.409546,26.613544,29.063583,40.1125,41.776455,48.61406,45.68406
    Sub-Saharan Africa,Dry cargo loaded,..,..,..,..,..,..,..,..,..,..,..,..,..,..,..,..,..,..,..,..,..,..,..,..,..,..,..,..,..,..,..,..,..,..,..,..,196.88977,205.22441,221.3518,200.93507,222.77046,235.74971,234.80142,264.45264,263.84778,280.6433,280.47626,288.39053,289.7439,303.82208,302.11206
    Sub-Saharan Africa,Total goods loaded,..,..,..,..,..,..,..,..,..,..,..,..,..,..,..,..,..,..,..,..,..,..,..,..,..,..,..,..,..,..,..,..,..,..,..,..,442.95966,457.29803,489.0415,452.40875,460.29446,506.93472,501.99307,525.0579,530.70435,537.48083,523.21436,536.22754,540.52136,563.01514,529.47516
    Sub-Saharan Africa,Crude oil discharged,..,..,..,..,..,..,..,..,..,..,..,..,..,..,..,..,..,..,..,..,..,..,..,..,..,..,..,..,..,..,..,..,..,..,..,..,35.295944,38.174026,33.7153,32.35689,30.755749,29.6358,23.8025,26.845,29.79,31.65,29.2,28.926,25.064,25.959,24.344
    Sub-Saharan Africa,Other tanker trade discharged,..,..,..,..,..,..,..,..,..,..,..,..,..,..,..,..,..,..,..,..,..,..,..,..,..,..,..,..,..,..,..,..,..,..,..,..,25.17447,29.558516,26.38197,24.733965,24.196136,30.434793,36.100323,37.409386,39.617207,42.906208,52.602528,60.920883,63.910866,70.43632,69.01632
    Sub-Saharan Africa,Dry cargo discharged,..,..,..,..,..,..,..,..,..,..,..,..,..,..,..,..,..,..,..,..,..,..,..,..,..,..,..,..,..,..,..,..,..,..,..,..,125.51486,133.62007,133.35077,138.81143,141.26233,140.4763,155.37558,160.9808,168.73737,175.43568,174.27292,163.1493,179.0823,194.3793,194.79915
    Sub-Saharan Africa,Total goods discharged,..,..,..,..,..,..,..,..,..,..,..,..,..,..,..,..,..,..,..,..,..,..,..,..,..,..,..,..,..,..,..,..,..,..,..,..,185.98528,201.3526,193.44804,195.9023,196.21422,200.54689,215.2784,225.23518,238.14456,249.99188,256.07544,252.9962,268.05716,290.77463,288.15945
      Eastern Africa,Crude oil loaded,..,..,..,..,..,..,..,..,..,..,..,..,..,..,..,..,..,..,..,..,..,..,..,..,..,..,..,..,..,..,..,..,..,..,..,..,0.0,0.0,0.0,0.0,0.0,0.0,0.0,0.0,0.0,0.0,0.0,0.059,0.096,3.286,3.186
      Eastern Africa,Other tanker trade loaded,..,..,..,..,..,..,..,..,..,..,..,..,..,..,..,..,..,..,..,..,..,..,..,..,..,..,..,..,..,..,..,..,..,..,..,..,0.463946,0.431467,0.298497,0.0,0.0,0.359659,0.466611,0.399487,0.399487,0.403487,0.549525,2.768442,4.065397,8.384,8.264
      Eastern Africa,Dry cargo loaded,..,..,..,..,..,..,..,..,..,..,..,..,..,..,..,..,..,..,..,..,..,..,..,..,..,..,..,..,..,..,..,..,..,..,..,..,21.048876,21.0705,22.163322,19.597399,20.3326,18.256874,16.390339,15.449198,16.650026,16.515026,17.192877,17.281357,19.273638,19.790619,19.290619
      Eastern Africa,Total goods loaded,..,..,..,..,..,..,..,..,..,..,..,..,..,..,..,..,..,..,..,..,..,..,..,..,..,..,..,..,..,..,..,..,..,..,..,..,21.512821,21.501966,22.461819,19.597399,20.3326,18.616533,16.856949,15.848684,17.049513,16.918512,17.742401,20.108799,23.435036,31.460619,30.74062
      Eastern Africa,Crude oil discharged,..,..,..,..,..,..,..,..,..,..,..,..,..,..,..,..,..,..,..,..,..,..,..,..,..,..,..,..,..,..,..,..,..,..,..,..,2.123,2.123,1.773,1.737,1.87206,1.42,1.772,1.872,0.6,0.6,0.349,0.7,0.262,0.735,0.0
      Eastern Africa,Other tanker trade discharged,..,..,..,..,..,..,..,..,..,..,..,..,..,..,..,..,..,..,..,..,..,..,..,..,..,..,..,..,..,..,..,..,..,..,..,..,7.138041,7.942566,6.94666,8.513846,7.902316,8.613416,9.755275,8.68101,10.922216,9.367216,13.633216,16.613916,16.128216,19.078917,18.868916
      Eastern Africa,Dry cargo discharged,..,..,..,..,..,..,..,..,..,..,..,..,..,..,..,..,..,..,..,..,..,..,..,..,..,..,..,..,..,..,..,..,..,..,..,..,16.813177,18.996115,20.094446,17.937723,19.772038,21.916975,22.176485,24.892427,25.834541,29.016861,30.970892,32.89828,37.12228,52.45428,52.534122
      Eastern Africa,Total goods discharged,..,..,..,..,..,..,..,..,..,..,..,..,..,..,..,..,..,..,..,..,..,..,..,..,..,..,..,..,..,..,..,..,..,..,..,..,26.074219,29.06168,28.814108,28.18857,29.546413,31.950392,33.70376,35.44544,37.35676,38.984077,44.95311,50.212196,53.512497,72.268196,71.40304
      Middle Africa,Crude oil loaded,..,..,..,..,..,..,..,..,..,..,..,..,..,..,..,..,..,..,..,..,..,..,..,..,..,..,..,..,..,..,..,..,..,..,..,..,113.95292,122.68292,134.18156,129.26418,124.45041,129.336,128.4172,131.701,124.302,124.879,124.154,112.548,110.229,105.437,100.637
      Middle Africa,Other tanker trade loaded,..,..,..,..,..,..,..,..,..,..,..,..,..,..,..,..,..,..,..,..,..,..,..,..,..,..,..,..,..,..,..,..,..,..,..,..,2.564,2.624334,5.849698,1.9792,2.032098,6.015098,7.0677,5.928,6.563,6.463,7.551,6.707,7.825,7.525,6.976
      Middle Africa,Dry cargo loaded,..,..,..,..,..,..,..,..,..,..,..,..,..,..,..,..,..,..,..,..,..,..,..,..,..,..,..,..,..,..,..,..,..,..,..,..,6.258832,7.76393,8.9644,8.502096,9.170016,9.302318,11.272573,12.830573,11.130573,12.630573,13.630573,13.9353,16.6883,16.3863,16.1763
      Middle Africa,Total goods loaded,..,..,..,..,..,..,..,..,..,..,..,..,..,..,..,..,..,..,..,..,..,..,..,..,..,..,..,..,..,..,..,..,..,..,..,..,122.77575,133.07118,148.99567,139.74548,135.65253,144.65341,146.75748,150.45958,141.99557,143.97258,145.33557,133.1903,134.7423,129.3483,123.7893
      Middle Africa,Crude oil discharged,..,..,..,..,..,..,..,..,..,..,..,..,..,..,..,..,..,..,..,..,..,..,..,..,..,..,..,..,..,..,..,..,..,..,..,..,2.139,2.8035,1.743,1.870468,1.618788,1.42,0.865,1.6,1.9,1.9,2.12,2.82,1.324,1.332,1.122
      Middle Africa,Other tanker trade discharged,..,..,..,..,..,..,..,..,..,..,..,..,..,..,..,..,..,..,..,..,..,..,..,..,..,..,..,..,..,..,..,..,..,..,..,..,1.684129,1.891129,2.795141,2.749226,2.749226,3.837843,4.355726,4.432726,3.940343,6.322343,8.388343,8.612,5.835,6.895,6.885
      Middle Africa,Dry cargo discharged,..,..,..,..,..,..,..,..,..,..,..,..,..,..,..,..,..,..,..,..,..,..,..,..,..,..,..,..,..,..,..,..,..,..,..,..,7.327457,7.653808,8.933954,9.873994,11.392494,12.028395,13.82864,15.9314,17.213238,16.513237,15.553237,16.453238,21.233236,27.802237,28.002237
      Middle Africa,Total goods discharged,..,..,..,..,..,..,..,..,..,..,..,..,..,..,..,..,..,..,..,..,..,..,..,..,..,..,..,..,..,..,..,..,..,..,..,..,11.150586,12.348437,13.4720955,14.493689,15.760509,17.286238,19.049366,21.964127,23.05358,24.73558,26.06158,27.885237,28.392237,36.029236,36.009235
      Southern Africa,Crude oil loaded,..,..,..,..,..,..,..,..,..,..,..,..,..,..,..,..,..,..,..,..,..,..,..,..,..,..,..,..,..,..,..,..,..,..,..,..,0.005,0.005,0.2988,0.268,0.284,0.0,0.0,0.5107,0.0,0.0,0.0,0.0,0.0,0.0,0.0
      Southern Africa,Other tanker trade loaded,..,..,..,..,..,..,..,..,..,..,..,..,..,..,..,..,..,..,..,..,..,..,..,..,..,..,..,..,..,..,..,..,..,..,..,..,5.92,5.92,6.165528,5.084,5.38904,2.45,3.9445,3.969005,3.3,3.0,3.216,3.6,4.616,5.63,5.17
      Southern Africa,Dry cargo loaded,..,..,..,..,..,..,..,..,..,..,..,..,..,..,..,..,..,..,..,..,..,..,..,..,..,..,..,..,..,..,..,..,..,..,..,..,129.86273,129.86273,136.04141,131.47859,139.46495,150.7406,159.83372,161.55063,163.35,174.65,166.969,173.756,168.93,173.106,173.106
      Southern Africa,Total goods loaded,..,..,..,..,..,..,..,..,..,..,..,..,..,..,..,..,..,..,..,..,..,..,..,..,..,..,..,..,..,..,..,..,..,..,..,..,135.78772,135.78772,142.50575,136.8306,145.13799,153.1906,163.77821,166.03033,166.65,177.65,170.185,177.356,173.546,178.736,178.276
      Southern Africa,Crude oil discharged,..,..,..,..,..,..,..,..,..,..,..,..,..,..,..,..,..,..,..,..,..,..,..,..,..,..,..,..,..,..,..,..,..,..,..,..,25.62517,25.62517,23.406,21.963,20.758,21.698,15.869,17.023,21.54,23.2,23.006,20.03,18.903,19.47,18.87
      Southern Africa,Other tanker trade discharged,..,..,..,..,..,..,..,..,..,..,..,..,..,..,..,..,..,..,..,..,..,..,..,..,..,..,..,..,..,..,..,..,..,..,..,..,2.6005137,2.6005137,3.146508,2.682,2.497374,2.478,4.52,4.455,8.455,8.455,9.131,8.163,10.75,11.46,11.56
      Southern Africa,Dry cargo discharged,..,..,..,..,..,..,..,..,..,..,..,..,..,..,..,..,..,..,..,..,..,..,..,..,..,..,..,..,..,..,..,..,..,..,..,..,39.140987,39.140987,42.78696,44.796364,36.947647,26.816093,30.515705,29.02881,27.03,25.67,27.042,21.107,24.647,23.243,22.983
      Southern Africa,Total goods discharged,..,..,..,..,..,..,..,..,..,..,..,..,..,..,..,..,..,..,..,..,..,..,..,..,..,..,..,..,..,..,..,..,..,..,..,..,67.36667,67.36667,69.33947,69.44136,60.203022,50.992092,50.904705,50.50681,57.025,57.325,59.179,49.3,54.3,54.173,53.413
      Western Africa,Crude oil loaded,..,..,..,..,..,..,..,..,..,..,..,..,..,..,..,..,..,..,..,..,..,..,..,..,..,..,..,..,..,..,..,..,..,..,..,..,110.562195,110.1369,111.7592,104.42352,96.277,114.96,107.853,99.1,112.145,105.345,89.52052,95.11752,98.676,101.856,77.856
      Western Africa,Other tanker trade loaded,..,..,..,..,..,..,..,..,..,..,..,..,..,..,..,..,..,..,..,..,..,..,..,..,..,..,..,..,..,..,..,..,..,..,..,..,12.601819,10.27299,9.1364,10.454774,9.091458,18.064259,19.442629,18.997059,20.147058,16.747059,17.747059,27.037058,25.270058,27.075058,25.274057
      Western Africa,Dry cargo loaded,..,..,..,..,..,..,..,..,..,..,..,..,..,..,..,..,..,..,..,..,..,..,..,..,..,..,..,..,..,..,..,..,..,..,..,..,39.71933,46.527264,54.182667,41.356983,53.802902,57.449917,47.30479,74.622246,72.71719,76.84771,82.6838,83.41786,84.85197,94.539154,93.539154
      Western Africa,Total goods loaded,..,..,..,..,..,..,..,..,..,..,..,..,..,..,..,..,..,..,..,..,..,..,..,..,..,..,..,..,..,..,..,..,..,..,..,..,162.88335,166.93715,175.07826,156.23528,159.17136,190.47417,174.60042,192.71931,205.00925,198.93977,189.95137,205.57245,208.79802,223.47021,196.66922
      Western Africa,Crude oil discharged,..,..,..,..,..,..,..,..,..,..,..,..,..,..,..,..,..,..,..,..,..,..,..,..,..,..,..,..,..,..,..,..,..,..,..,..,5.408774,7.622356,6.7933,6.786424,6.5069,5.0978,5.2965,6.35,5.75,5.95,3.725,5.376,4.575,4.422,4.352
      Western Africa,Other tanker trade discharged,..,..,..,..,..,..,..,..,..,..,..,..,..,..,..,..,..,..,..,..,..,..,..,..,..,..,..,..,..,..,..,..,..,..,..,..,13.751787,17.124306,13.49366,10.788893,11.047221,15.505534,17.46932,19.840649,16.299648,18.761648,21.449966,27.531967,31.197647,33.0024,31.7024
      Western Africa,Dry cargo discharged,..,..,..,..,..,..,..,..,..,..,..,..,..,..,..,..,..,..,..,..,..,..,..,..,..,..,..,..,..,..,..,..,..,..,..,..,62.233242,67.829155,61.53541,66.20336,73.15015,79.71484,88.85475,91.12817,98.659584,104.23558,100.706795,92.69079,96.07979,90.87979,91.27979
      Western Africa,Total goods discharged,..,..,..,..,..,..,..,..,..,..,..,..,..,..,..,..,..,..,..,..,..,..,..,..,..,..,..,..,..,..,..,..,..,..,..,..,81.39381,92.57581,81.82237,83.77867,90.70427,100.31818,111.62057,117.31881,120.70923,128.94724,125.88176,125.59876,131.85245,128.3042,127.33419
  America,Crude oil loaded,..,..,..,..,..,..,..,..,..,..,..,..,..,..,..,..,..,..,..,..,..,..,..,..,..,..,..,..,..,..,..,..,..,..,..,..,273.472,277.12396,258.68848,249.59511,256.43906,278.08398,284.03714,273.6978,275.65622,274.53122,293.54535,298.1713,324.02432,417.50244,393.93832
  America,Other tanker trade loaded,..,..,..,..,..,..,..,..,..,..,..,..,..,..,..,..,..,..,..,..,..,..,..,..,..,..,..,..,..,..,..,..,..,..,..,..,180.24832,181.95467,212.02477,197.72801,200.1728,232.33684,223.39105,206.2289,216.11032,230.83665,222.93665,228.94945,262.1503,211.8132,184.9396
  America,Dry cargo loaded,..,..,..,..,..,..,..,..,..,..,..,..,..,..,..,..,..,..,..,..,..,..,..,..,..,..,..,..,..,..,..,..,..,..,..,..,1122.3667,1240.8849,1330.0361,1228.6122,1348.4877,1465.9281,1570.1704,1604.025,1631.9834,1724.3083,1724.7133,1772.6749,1835.1593,1937.2573,1907.0475
  America,Total goods loaded,..,..,..,..,..,..,..,..,..,..,..,..,..,..,..,..,..,..,..,..,..,..,..,..,..,..,..,..,..,..,..,..,..,..,..,..,1576.0869,1699.9635,1800.7494,1675.9353,1805.0995,1976.3489,2077.5986,2083.9517,2123.75,2229.6763,2241.1953,2299.7957,2421.334,2566.573,2485.9255
  America,Crude oil discharged,..,..,..,..,..,..,..,..,..,..,..,..,..,..,..,..,..,..,..,..,..,..,..,..,..,..,..,..,..,..,..,..,..,..,..,..,564.71045,589.51495,555.5062,509.5348,532.7847,484.12628,476.37506,425.674,378.46088,355.1007,349.17172,313.5592,303.2712,294.02747,236.62247
  America,Other tanker trade discharged,..,..,..,..,..,..,..,..,..,..,..,..,..,..,..,..,..,..,..,..,..,..,..,..,..,..,..,..,..,..,..,..,..,..,..,..,217.38493,220.095,208.74768,205.54994,211.80981,187.7534,195.66515,191.66788,202.46791,202.78065,223.03543,215.77992,240.00026,251.73064,223.28064
  America,Dry cargo discharged,..,..,..,..,..,..,..,..,..,..,..,..,..,..,..,..,..,..,..,..,..,..,..,..,..,..,..,..,..,..,..,..,..,..,..,..,755.7915,729.0381,703.0691,540.42786,597.6216,694.4146,752.7166,828.0225,826.9766,850.87823,833.37274,897.1437,970.754,960.60175,939.4981
  America,Total goods discharged,..,..,..,..,..,..,..,..,..,..,..,..,..,..,..,..,..,..,..,..,..,..,..,..,..,..,..,..,..,..,..,..,..,..,..,..,1537.8868,1538.6481,1467.323,1255.5126,1342.2162,1366.2943,1424.7568,1445.3644,1407.9054,1408.7596,1405.58,1426.4828,1514.0255,1506.3599,1399.4012
    Northern America,Crude oil loaded,..,..,..,..,..,..,..,..,..,..,..,..,..,..,..,..,..,..,..,..,..,..,..,..,..,..,..,..,..,..,..,..,..,..,..,..,22.155,24.850586,24.10564,23.879814,25.4863,24.255075,30.727322,33.72732,43.055233,51.055233,61.055233,72.97732,123.40732,195.55733,193.47733
    Northern America,Other tanker trade loaded,..,..,..,..,..,..,..,..,..,..,..,..,..,..,..,..,..,..,..,..,..,..,..,..,..,..,..,..,..,..,..,..,..,..,..,..,86.368835,91.3018,119.006256,123.755066,126.94768,154.35358,137.445,136.41866,139.68233,147.01865,142.01865,157.01865,173.5,130.5,109.3
    Northern America,Dry cargo loaded,..,..,..,..,..,..,..,..,..,..,..,..,..,..,..,..,..,..,..,..,..,..,..,..,..,..,..,..,..,..,..,..,..,..,..,..,436.84546,516.7054,549.4106,498.49808,523.0956,563.9976,626.80786,650.148,640.04724,680.04724,683.4475,706.0,739.04,833.953,813.953
    Northern America,Total goods loaded,..,..,..,..,..,..,..,..,..,..,..,..,..,..,..,..,..,..,..,..,..,..,..,..,..,..,..,..,..,..,..,..,..,..,..,..,545.3693,632.8578,692.52246,646.13293,675.52954,742.60626,794.98016,820.294,822.7848,878.12115,886.52136,935.996,1035.9473,1160.0104,1116.7303
    Northern America,Crude oil discharged,..,..,..,..,..,..,..,..,..,..,..,..,..,..,..,..,..,..,..,..,..,..,..,..,..,..,..,..,..,..,..,..,..,..,..,..,500.96194,513.5112,481.28864,445.184,463.48438,413.0394,401.775,356.3,313.33887,289.33887,297.25085,266.05,256.2,248.98,196.98
    Northern America,Other tanker trade discharged,..,..,..,..,..,..,..,..,..,..,..,..,..,..,..,..,..,..,..,..,..,..,..,..,..,..,..,..,..,..,..,..,..,..,..,..,155.67024,156.05995,138.8701,131.99704,135.20782,113.883835,112.092,102.3,102.66108,100.66108,94.80108,74.35611,90.75,108.0,93.3
    Northern America,Dry cargo discharged,..,..,..,..,..,..,..,..,..,..,..,..,..,..,..,..,..,..,..,..,..,..,..,..,..,..,..,..,..,..,..,..,..,..,..,..,492.11594,453.13367,414.3273,306.42557,334.98734,368.55463,378.496,431.342,420.20007,429.20007,447.55447,477.904,529.0,528.004,519.004
    Northern America,Total goods discharged,..,..,..,..,..,..,..,..,..,..,..,..,..,..,..,..,..,..,..,..,..,..,..,..,..,..,..,..,..,..,..,..,..,..,..,..,1148.7482,1122.7048,1034.4861,883.6066,933.67957,895.47784,892.363,889.942,836.2,819.2,839.6064,818.3101,875.95,884.984,809.284
    Latin America and the Caribbean,Crude oil loaded,..,..,..,..,..,..,..,..,..,..,..,..,..,..,..,..,..,..,..,..,..,..,..,..,..,..,..,..,..,..,..,..,..,..,..,..,251.31697,252.27338,234.58282,225.7153,230.95276,253.8289,253.30981,239.9705,232.601,223.476,232.49013,225.19398,200.617,221.94511,200.461
    Latin America and the Caribbean,Other tanker trade loaded,..,..,..,..,..,..,..,..,..,..,..,..,..,..,..,..,..,..,..,..,..,..,..,..,..,..,..,..,..,..,..,..,..,..,..,..,93.879486,90.652855,93.01852,73.97295,73.22513,77.98325,85.94605,69.81025,76.428,83.818,80.918,71.9308,88.6503,81.3132,75.6396
    Latin America and the Caribbean,Dry cargo loaded,..,..,..,..,..,..,..,..,..,..,..,..,..,..,..,..,..,..,..,..,..,..,..,..,..,..,..,..,..,..,..,..,..,..,..,..,685.5212,724.1795,780.6256,730.11414,825.392,901.9305,943.36255,953.87695,991.9362,1044.2611,1041.2657,1066.6749,1096.1193,1103.3043,1093.0946
    Latin America and the Caribbean,Total goods loaded,..,..,..,..,..,..,..,..,..,..,..,..,..,..,..,..,..,..,..,..,..,..,..,..,..,..,..,..,..,..,..,..,..,..,..,..,1030.7177,1067.1057,1108.2269,1029.8024,1129.57,1233.7426,1282.6184,1263.6577,1300.9652,1351.555,1354.6738,1363.7997,1385.3866,1406.5626,1369.1952
    Latin America and the Caribbean,Crude oil discharged,..,..,..,..,..,..,..,..,..,..,..,..,..,..,..,..,..,..,..,..,..,..,..,..,..,..,..,..,..,..,..,..,..,..,..,..,63.748466,76.00371,74.2176,64.350815,69.30037,71.08688,74.600044,69.374,65.122,65.76185,51.920853,47.5092,47.0712,45.04746,39.64246
    Latin America and the Caribbean,Other tanker trade discharged,..,..,..,..,..,..,..,..,..,..,..,..,..,..,..,..,..,..,..,..,..,..,..,..,..,..,..,..,..,..,..,..,..,..,..,..,61.714687,64.03504,69.87758,73.552895,76.60199,73.86957,83.57314,89.367874,99.80684,102.119576,128.23436,141.42381,149.25026,143.73064,129.98064
    Latin America and the Caribbean,Dry cargo discharged,..,..,..,..,..,..,..,..,..,..,..,..,..,..,..,..,..,..,..,..,..,..,..,..,..,..,..,..,..,..,..,..,..,..,..,..,263.6756,275.90442,288.7418,234.00226,262.63425,325.86,374.2206,396.68048,406.77655,421.67816,385.8183,419.2397,441.75403,432.59778,420.49414
    Latin America and the Caribbean,Total goods discharged,..,..,..,..,..,..,..,..,..,..,..,..,..,..,..,..,..,..,..,..,..,..,..,..,..,..,..,..,..,..,..,..,..,..,..,..,389.13873,415.94318,432.83698,371.90598,408.5366,470.81644,532.3938,555.42236,571.7054,589.55963,565.9735,608.17267,638.0755,621.37585,590.11725
      Caribbean,Crude oil loaded,..,..,..,..,..,..,..,..,..,..,..,..,..,..,..,..,..,..,..,..,..,..,..,..,..,..,..,..,..,..,..,..,..,..,..,..,4.18615,6.529126,7.529126,3.753,3.753,3.724,3.8535,5.8535,1.52,1.52,1.421,1.952725,1.169,0.366111,1.0
      Caribbean,Other tanker trade loaded,..,..,..,..,..,..,..,..,..,..,..,..,..,..,..,..,..,..,..,..,..,..,..,..,..,..,..,..,..,..,..,..,..,..,..,..,29.691484,27.45126,30.495075,20.374634,19.563635,21.9745,27.3523,22.3543,30.446,32.356,32.55,29.145,30.542,26.775,23.145
      Caribbean,Dry cargo loaded,..,..,..,..,..,..,..,..,..,..,..,..,..,..,..,..,..,..,..,..,..,..,..,..,..,..,..,..,..,..,..,..,..,..,..,..,19.245052,20.633795,25.59897,18.697083,20.887522,22.686676,29.206144,23.114044,18.676739,19.275589,17.94859,17.832088,16.813414,18.60643,17.37943
      Caribbean,Total goods loaded,..,..,..,..,..,..,..,..,..,..,..,..,..,..,..,..,..,..,..,..,..,..,..,..,..,..,..,..,..,..,..,..,..,..,..,..,53.12269,54.61418,63.623173,42.824715,44.204155,48.385178,60.411945,51.321842,50.64274,53.15159,51.91959,48.929813,48.524414,45.747543,41.52443
      Caribbean,Crude oil discharged,..,..,..,..,..,..,..,..,..,..,..,..,..,..,..,..,..,..,..,..,..,..,..,..,..,..,..,..,..,..,..,..,..,..,..,..,30.273466,35.927284,33.1592,31.452286,32.151447,33.618885,35.37174,33.72785,33.272854,33.522854,29.079851,24.3182,19.3462,16.7297,13.6297
      Caribbean,Other tanker trade discharged,..,..,..,..,..,..,..,..,..,..,..,..,..,..,..,..,..,..,..,..,..,..,..,..,..,..,..,..,..,..,..,..,..,..,..,..,18.349003,16.845175,18.355486,20.156351,20.791653,16.348392,17.720629,15.274156,14.127715,15.321856,15.239856,23.748747,26.785746,26.418713,28.668713
      Caribbean,Dry cargo discharged,..,..,..,..,..,..,..,..,..,..,..,..,..,..,..,..,..,..,..,..,..,..,..,..,..,..,..,..,..,..,..,..,..,..,..,..,20.736704,21.21685,28.356405,19.921795,23.232763,28.323092,34.595875,28.581596,32.526436,32.560432,34.200436,32.62476,32.61561,31.59829,30.597858
      Caribbean,Total goods discharged,..,..,..,..,..,..,..,..,..,..,..,..,..,..,..,..,..,..,..,..,..,..,..,..,..,..,..,..,..,..,..,..,..,..,..,..,69.35917,73.98931,79.87109,71.53043,76.175865,78.29037,87.68824,77.5836,79.927,81.40514,78.52014,80.6917,78.74756,74.746704,72.89627
      Central America,Crude oil loaded,..,..,..,..,..,..,..,..,..,..,..,..,..,..,..,..,..,..,..,..,..,..,..,..,..,..,..,..,..,..,..,..,..,..,..,..,104.25745,93.91784,81.56652,71.325,75.3533,76.3773,74.025,61.025,58.125,60.1,66.17113,69.271255,65.389,70.068,69.7
      Central America,Other tanker trade loaded,..,..,..,..,..,..,..,..,..,..,..,..,..,..,..,..,..,..,..,..,..,..,..,..,..,..,..,..,..,..,..,..,..,..,..,..,4.91,4.934813,10.512192,7.03,7.061348,9.702,8.053,12.052,7.67,10.75,9.906,9.9678,12.9073,7.7269,7.7663
      Central America,Dry cargo loaded,..,..,..,..,..,..,..,..,..,..,..,..,..,..,..,..,..,..,..,..,..,..,..,..,..,..,..,..,..,..,..,..,..,..,..,..,54.309334,54.58466,58.84075,52.264053,66.013,66.28591,71.33503,97.412476,84.819,83.384,68.51688,75.45437,80.496796,82.87732,80.983574
      Central America,Total goods loaded,..,..,..,..,..,..,..,..,..,..,..,..,..,..,..,..,..,..,..,..,..,..,..,..,..,..,..,..,..,..,..,..,..,..,..,..,163.47678,153.43732,150.91946,130.61905,148.42764,152.3652,153.41302,170.48947,150.614,154.234,144.594,154.69342,158.79309,160.67221,158.44987
      Central America,Crude oil discharged,..,..,..,..,..,..,..,..,..,..,..,..,..,..,..,..,..,..,..,..,..,..,..,..,..,..,..,..,..,..,..,..,..,..,..,..,2.399,2.92194,2.5048,2.15181,2.3362,2.108,1.959508,0.53615,0.53215,0.672,0.0,0.8,1.475,0.7254,0.6354
      Central America,Other tanker trade discharged,..,..,..,..,..,..,..,..,..,..,..,..,..,..,..,..,..,..,..,..,..,..,..,..,..,..,..,..,..,..,..,..,..,..,..,..,25.347712,27.680761,28.640808,26.596869,28.877357,31.132,30.43495,40.2516,36.075,38.2636,50.049,56.74095,60.9057,62.7146,49.9036
      Central America,Dry cargo discharged,..,..,..,..,..,..,..,..,..,..,..,..,..,..,..,..,..,..,..,..,..,..,..,..,..,..,..,..,..,..,..,..,..,..,..,..,80.77712,81.870384,75.14918,67.311005,74.92836,92.907585,105.40005,108.14696,99.31317,104.9278,108.9128,118.83574,122.56223,123.60824,119.9458
      Central America,Total goods discharged,..,..,..,..,..,..,..,..,..,..,..,..,..,..,..,..,..,..,..,..,..,..,..,..,..,..,..,..,..,..,..,..,..,..,..,..,108.523834,112.47309,106.294785,96.059685,106.141914,126.14759,137.79451,148.93471,135.92032,143.8634,158.9618,176.37668,184.94293,187.04823,170.4848
      South America,Crude oil loaded,..,..,..,..,..,..,..,..,..,..,..,..,..,..,..,..,..,..,..,..,..,..,..,..,..,..,..,..,..,..,..,..,..,..,..,..,142.87337,151.82642,145.48718,150.6373,151.84645,173.7276,175.4313,173.092,172.956,161.856,164.898,153.97,134.059,151.511,129.761
      South America,Other tanker trade loaded,..,..,..,..,..,..,..,..,..,..,..,..,..,..,..,..,..,..,..,..,..,..,..,..,..,..,..,..,..,..,..,..,..,..,..,..,59.278,58.266785,52.011253,46.56832,46.600143,46.30675,50.54075,35.40395,38.312,40.712,38.462,32.818,45.201,46.8113,44.7283
      South America,Dry cargo loaded,..,..,..,..,..,..,..,..,..,..,..,..,..,..,..,..,..,..,..,..,..,..,..,..,..,..,..,..,..,..,..,..,..,..,..,..,611.9668,648.961,696.18585,659.153,738.4915,812.9579,842.82135,833.35046,888.4405,941.60144,954.8003,973.3885,998.8091,1001.82056,994.7315
      South America,Total goods loaded,..,..,..,..,..,..,..,..,..,..,..,..,..,..,..,..,..,..,..,..,..,..,..,..,..,..,..,..,..,..,..,..,..,..,..,..,814.11816,859.0542,893.68427,856.35864,936.9381,1032.9922,1068.7935,1041.8464,1099.7085,1144.1694,1158.1603,1160.1765,1178.0691,1200.1428,1169.2208
      South America,Crude oil discharged,..,..,..,..,..,..,..,..,..,..,..,..,..,..,..,..,..,..,..,..,..,..,..,..,..,..,..,..,..,..,..,..,..,..,..,..,31.076,37.154484,38.5536,30.74672,34.81272,35.36,37.2688,35.11,31.317,31.567,22.841,22.391,26.25,27.59236,25.37736
      South America,Other tanker trade discharged,..,..,..,..,..,..,..,..,..,..,..,..,..,..,..,..,..,..,..,..,..,..,..,..,..,..,..,..,..,..,..,..,..,..,..,..,18.017977,19.50911,22.881283,26.799677,26.932983,26.389175,35.417564,33.84212,49.60412,48.53412,62.9455,60.93412,61.55882,54.59732,51.40832
      South America,Dry cargo discharged,..,..,..,..,..,..,..,..,..,..,..,..,..,..,..,..,..,..,..,..,..,..,..,..,..,..,..,..,..,..,..,..,..,..,..,..,162.16176,172.8172,185.2362,146.76945,164.47311,204.6293,234.22469,259.95193,274.93695,284.18994,242.70508,267.77917,286.57617,277.39124,269.95047
      South America,Total goods discharged,..,..,..,..,..,..,..,..,..,..,..,..,..,..,..,..,..,..,..,..,..,..,..,..,..,..,..,..,..,..,..,..,..,..,..,..,211.25574,229.48079,246.6711,204.31586,226.21883,266.37848,306.91104,328.90405,355.85806,364.29105,328.49158,351.1043,374.385,359.58093,346.73615
  Asia,Crude oil loaded,..,..,..,..,..,..,..,..,..,..,..,..,..,..,..,..,..,..,..,..,..,..,..,..,..,..,..,..,..,..,..,..,..,..,..,..,925.2433,942.3872,905.1692,874.4787,935.1439,907.8498,905.8342,909.4512,899.426,948.075,999.125,997.0665,971.4704,880.108,851.822
  Asia,Other tanker trade loaded,..,..,..,..,..,..,..,..,..,..,..,..,..,..,..,..,..,..,..,..,..,..,..,..,..,..,..,..,..,..,..,..,..,..,..,..,368.98776,374.5399,362.6435,367.77295,375.39264,405.05524,412.6168,449.02274,481.10852,530.9275,606.7141,608.3926,623.14496,664.23,624.133
  Asia,Dry cargo loaded,..,..,..,..,..,..,..,..,..,..,..,..,..,..,..,..,..,..,..,..,..,..,..,..,..,..,..,..,..,..,..,..,..,..,..,..,1960.066,2094.5615,2137.7375,1989.5343,2074.4556,2196.5693,2370.3276,2525.2197,2662.0522,2617.6545,2653.317,2812.0178,2919.2275,2976.5674,2918.8333
  Asia,Total goods loaded,..,..,..,..,..,..,..,..,..,..,..,..,..,..,..,..,..,..,..,..,..,..,..,..,..,..,..,..,..,..,..,..,..,..,..,..,3254.297,3411.4888,3405.5503,3231.786,3384.9922,3509.4744,3688.7788,3883.6936,4042.587,4096.657,4259.156,4417.477,4513.843,4520.9053,4394.7886
  Asia,Crude oil discharged,..,..,..,..,..,..,..,..,..,..,..,..,..,..,..,..,..,..,..,..,..,..,..,..,..,..,..,..,..,..,..,..,..,..,..,..,765.9842,833.9493,820.2983,827.069,857.7176,884.9567,916.6659,956.7145,971.60803,999.468,1097.0911,1151.1573,1193.5841,1201.895,1196.373
  Asia,Other tanker trade discharged,..,..,..,..,..,..,..,..,..,..,..,..,..,..,..,..,..,..,..,..,..,..,..,..,..,..,..,..,..,..,..,..,..,..,..,..,337.8968,349.94128,380.3514,372.9426,411.39536,442.64557,457.8469,475.25952,480.92255,556.1444,611.0794,641.8625,672.7712,674.738,675.862
  Asia,Dry cargo discharged,..,..,..,..,..,..,..,..,..,..,..,..,..,..,..,..,..,..,..,..,..,..,..,..,..,..,..,..,..,..,..,..,..,..,..,..,2677.8132,2869.1772,3074.512,3116.424,3361.516,3562.5322,3819.8945,4120.8643,4304.5513,4343.302,4476.6,4743.487,4873.321,5038.1704,5093.5684
  Asia,Total goods discharged,..,..,..,..,..,..,..,..,..,..,..,..,..,..,..,..,..,..,..,..,..,..,..,..,..,..,..,..,..,..,..,..,..,..,..,..,3781.694,4053.0679,4275.1616,4316.4355,4630.629,4890.1343,5194.407,5552.8384,5757.082,5898.914,6184.7705,6536.5063,6739.6763,6914.803,6965.803
    Eastern Asia,Crude oil loaded,..,..,..,..,..,..,..,..,..,..,..,..,..,..,..,..,..,..,..,..,..,..,..,..,..,..,..,..,..,..,..,..,..,..,..,..,8.067,5.5056,3.2,4.7,2.5,2.0,7.238,4.0,6.7,9.3,14.344,20.1,16.232,15.15,15.85
    Eastern Asia,Other tanker trade loaded,..,..,..,..,..,..,..,..,..,..,..,..,..,..,..,..,..,..,..,..,..,..,..,..,..,..,..,..,..,..,..,..,..,..,..,..,66.33,71.06951,74.875,87.0297,91.7027,77.5347,94.872,102.751,101.301,110.501,156.701,187.651,191.4,195.85,181.65
    Eastern Asia,Dry cargo loaded,..,..,..,..,..,..,..,..,..,..,..,..,..,..,..,..,..,..,..,..,..,..,..,..,..,..,..,..,..,..,..,..,..,..,..,..,868.39453,906.09845,886.8036,743.67755,789.3096,826.4708,859.01,978.254,1086.904,1103.204,1107.44,1111.39,1177.937,1161.1746,1145.2745
    Eastern Asia,Total goods loaded,..,..,..,..,..,..,..,..,..,..,..,..,..,..,..,..,..,..,..,..,..,..,..,..,..,..,..,..,..,..,..,..,..,..,..,..,942.79156,982.6735,964.8786,835.4073,883.51227,906.0055,961.12,1085.005,1194.905,1223.005,1278.485,1319.141,1385.569,1372.1746,1342.7745
    Eastern Asia,Crude oil discharged,..,..,..,..,..,..,..,..,..,..,..,..,..,..,..,..,..,..,..,..,..,..,..,..,..,..,..,..,..,..,..,..,..,..,..,..,495.964,532.924,558.1908,526.0548,547.06085,569.566,602.099,606.564,624.036,639.446,661.863,729.663,750.35,783.335,798.235
    Eastern Asia,Other tanker trade discharged,..,..,..,..,..,..,..,..,..,..,..,..,..,..,..,..,..,..,..,..,..,..,..,..,..,..,..,..,..,..,..,..,..,..,..,..,162.614,164.055,180.5649,189.70934,211.88733,232.851,251.271,271.451,248.851,269.851,289.473,328.843,348.243,345.743,366.62
    Eastern Asia,Dry cargo discharged,..,..,..,..,..,..,..,..,..,..,..,..,..,..,..,..,..,..,..,..,..,..,..,..,..,..,..,..,..,..,..,..,..,..,..,..,1759.209,1896.667,1980.4323,2068.9465,2292.1404,2416.6326,2669.6877,2922.0706,3027.8394,2989.9292,3036.583,3206.9744,3276.108,3421.0625,3502.2625
    Eastern Asia,Total goods discharged,..,..,..,..,..,..,..,..,..,..,..,..,..,..,..,..,..,..,..,..,..,..,..,..,..,..,..,..,..,..,..,..,..,..,..,..,2417.787,2593.646,2719.188,2784.7107,3051.0886,3219.0496,3523.0576,3800.0857,3900.7263,3899.2263,3987.919,4265.4805,4374.701,4550.1406,4667.117
    South-eastern Asia,Crude oil loaded,..,..,..,..,..,..,..,..,..,..,..,..,..,..,..,..,..,..,..,..,..,..,..,..,..,..,..,..,..,..,..,..,..,..,..,..,59.817,56.353,58.0662,47.659,67.8262,57.8512,50.756214,48.14113,46.801,49.85,50.317,49.36,43.63441,36.399,37.089
    South-eastern Asia,Other tanker trade loaded,..,..,..,..,..,..,..,..,..,..,..,..,..,..,..,..,..,..,..,..,..,..,..,..,..,..,..,..,..,..,..,..,..,..,..,..,96.483,98.222,75.84436,94.74636,80.21,129.658,94.59502,126.2169,132.31091,133.2109,128.9572,129.3426,131.20193,157.009,160.209
    South-eastern Asia,Dry cargo loaded,..,..,..,..,..,..,..,..,..,..,..,..,..,..,..,..,..,..,..,..,..,..,..,..,..,..,..,..,..,..,..,..,..,..,..,..,721.5046,779.25653,837.5503,840.50793,812.2678,858.5627,998.58466,1037.7108,1002.59076,950.0977,944.3658,1041.0459,1059.7805,1097.9498,1087.0558
    South-eastern Asia,Total goods loaded,..,..,..,..,..,..,..,..,..,..,..,..,..,..,..,..,..,..,..,..,..,..,..,..,..,..,..,..,..,..,..,..,..,..,..,..,877.80457,933.83154,971.4609,982.9133,960.304,1046.0719,1143.9359,1212.0688,1181.7026,1133.1587,1123.64,1219.7484,1234.6168,1291.3578,1284.3538
    South-eastern Asia,Crude oil discharged,..,..,..,..,..,..,..,..,..,..,..,..,..,..,..,..,..,..,..,..,..,..,..,..,..,..,..,..,..,..,..,..,..,..,..,..,114.379166,131.286,114.56375,115.15495,122.60555,128.792,111.70886,123.74946,118.434,124.634,142.74,136.414,146.5401,136.29,132.99
    South-eastern Asia,Other tanker trade discharged,..,..,..,..,..,..,..,..,..,..,..,..,..,..,..,..,..,..,..,..,..,..,..,..,..,..,..,..,..,..,..,..,..,..,..,..,94.4415,102.62269,107.97455,90.69765,107.1421,119.7849,102.00237,103.811874,127.43288,165.72902,160.85602,151.074,163.067,170.3,161.3
    South-eastern Asia,Dry cargo discharged,..,..,..,..,..,..,..,..,..,..,..,..,..,..,..,..,..,..,..,..,..,..,..,..,..,..,..,..,..,..,..,..,..,..,..,..,327.09836,333.2819,348.762,332.3195,335.03506,358.9934,373.00543,414.9382,460.92404,496.16403,606.22003,620.12994,637.509,640.299,643.299
    South-eastern Asia,Total goods discharged,..,..,..,..,..,..,..,..,..,..,..,..,..,..,..,..,..,..,..,..,..,..,..,..,..,..,..,..,..,..,..,..,..,..,..,..,535.919,567.19055,571.3003,538.17206,564.7827,607.5703,586.7167,642.4996,706.7909,786.52704,909.81604,907.618,947.1161,946.889,937.589
    Southern Asia,Crude oil loaded,..,..,..,..,..,..,..,..,..,..,..,..,..,..,..,..,..,..,..,..,..,..,..,..,..,..,..,..,..,..,..,..,..,..,..,..,124.18576,122.63015,127.488,102.9,120.65,110.5,63.0,55.0,48.215,50.215,93.1,106.437,88.587,56.359,40.359
    Southern Asia,Other tanker trade loaded,..,..,..,..,..,..,..,..,..,..,..,..,..,..,..,..,..,..,..,..,..,..,..,..,..,..,..,..,..,..,..,..,..,..,..,..,45.097,46.954147,48.033775,47.35539,46.172806,49.673805,63.75669,82.23069,78.60169,87.10169,84.4,79.127,87.23,91.696,84.996
    Southern Asia,Dry cargo loaded,..,..,..,..,..,..,..,..,..,..,..,..,..,..,..,..,..,..,..,..,..,..,..,..,..,..,..,..,..,..,..,..,..,..,..,..,189.62323,197.16843,200.24576,204.49075,262.98932,258.3378,246.02245,231.99844,244.03044,231.11044,206.24986,180.48586,184.82787,216.82086,217.82086
    Southern Asia,Total goods loaded,..,..,..,..,..,..,..,..,..,..,..,..,..,..,..,..,..,..,..,..,..,..,..,..,..,..,..,..,..,..,..,..,..,..,..,..,358.906,366.75272,375.76752,354.74615,429.8121,418.5116,372.77914,369.22913,370.84714,368.42712,383.74985,366.04987,360.64487,364.87585,343.17587
    Southern Asia,Crude oil discharged,..,..,..,..,..,..,..,..,..,..,..,..,..,..,..,..,..,..,..,..,..,..,..,..,..,..,..,..,..,..,..,..,..,..,..,..,118.516,125.25,105.5154,152.74402,153.97437,153.65636,169.54736,194.99536,198.80736,202.10736,243.00735,231.05437,245.4,234.2,229.2
    Southern Asia,Other tanker trade discharged,..,..,..,..,..,..,..,..,..,..,..,..,..,..,..,..,..,..,..,..,..,..,..,..,..,..,..,..,..,..,..,..,..,..,..,..,26.1052,27.5415,32.57451,34.97259,34.091934,30.232435,36.141754,30.623755,30.923756,36.4745,83.9745,67.3925,66.6955,80.25,74.85
    Southern Asia,Dry cargo discharged,..,..,..,..,..,..,..,..,..,..,..,..,..,..,..,..,..,..,..,..,..,..,..,..,..,..,..,..,..,..,..,..,..,..,..,..,238.8758,264.13272,370.01962,385.4034,391.0282,408.63828,378.8642,366.8682,387.30768,401.04767,361.3415,440.68948,466.1835,474.0683,460.0683
    Southern Asia,Total goods discharged,..,..,..,..,..,..,..,..,..,..,..,..,..,..,..,..,..,..,..,..,..,..,..,..,..,..,..,..,..,..,..,..,..,..,..,..,383.497,416.92422,508.10953,573.12,579.0945,592.52704,584.55334,592.4873,617.0388,639.6295,688.32336,739.13635,778.279,788.5183,764.1183
    Western Asia,Crude oil loaded,..,..,..,..,..,..,..,..,..,..,..,..,..,..,..,..,..,..,..,..,..,..,..,..,..,..,..,..,..,..,..,..,..,..,..,..,733.1735,757.8985,716.41504,719.2197,744.1677,737.4986,784.84,802.31,797.71,838.71,841.364,821.16956,823.017,772.2,758.524
    Western Asia,Other tanker trade loaded,..,..,..,..,..,..,..,..,..,..,..,..,..,..,..,..,..,..,..,..,..,..,..,..,..,..,..,..,..,..,..,..,..,..,..,..,161.07774,158.29422,163.89035,138.6415,157.30714,148.18872,159.39308,137.82414,168.89491,200.1139,236.65591,212.272,213.313,219.675,197.278
    Western Asia,Dry cargo loaded,..,..,..,..,..,..,..,..,..,..,..,..,..,..,..,..,..,..,..,..,..,..,..,..,..,..,..,..,..,..,..,..,..,..,..,..,180.54376,212.03822,213.138,200.85797,209.88895,253.19795,266.7106,277.25647,328.52716,333.24246,395.2612,479.09613,496.6822,500.6222,468.6822
    Western Asia,Total goods loaded,..,..,..,..,..,..,..,..,..,..,..,..,..,..,..,..,..,..,..,..,..,..,..,..,..,..,..,..,..,..,..,..,..,..,..,..,1074.795,1128.231,1093.4434,1058.7191,1111.3638,1138.8853,1210.9437,1217.3906,1295.1321,1372.0664,1473.2811,1512.5376,1533.0122,1492.4972,1424.4843
    Western Asia,Crude oil discharged,..,..,..,..,..,..,..,..,..,..,..,..,..,..,..,..,..,..,..,..,..,..,..,..,..,..,..,..,..,..,..,..,..,..,..,..,37.125,44.489258,42.028336,33.11523,34.07687,32.94237,33.310665,31.405663,30.330664,33.280663,49.480663,54.026,51.294,48.07,35.9481
    Western Asia,Other tanker trade discharged,..,..,..,..,..,..,..,..,..,..,..,..,..,..,..,..,..,..,..,..,..,..,..,..,..,..,..,..,..,..,..,..,..,..,..,..,54.7361,55.722095,59.237442,57.56303,58.273975,59.77724,68.431755,69.3729,73.714905,84.089905,76.7759,94.553,94.7657,78.445,73.092
    Western Asia,Dry cargo discharged,..,..,..,..,..,..,..,..,..,..,..,..,..,..,..,..,..,..,..,..,..,..,..,..,..,..,..,..,..,..,..,..,..,..,..,..,352.63004,375.09564,375.29822,329.7546,343.3124,378.26776,398.3372,416.9873,428.48035,456.16068,472.45538,475.69275,493.52048,502.74048,487.93848
    Western Asia,Total goods discharged,..,..,..,..,..,..,..,..,..,..,..,..,..,..,..,..,..,..,..,..,..,..,..,..,..,..,..,..,..,..,..,..,..,..,..,..,444.49115,475.307,476.564,420.43286,435.66327,470.98737,500.07962,517.76587,532.52594,573.53125,598.712,624.2718,639.5802,629.2555,596.9786
  Europe,Crude oil loaded,..,..,..,..,..,..,..,..,..,..,..,..,..,..,..,..,..,..,..,..,..,..,..,..,..,..,..,..,..,..,..,..,..,..,..,..,219.88545,217.11357,224.00652,218.01811,231.54868,210.39574,214.464,211.22958,218.708,229.3942,253.0353,276.02948,273.83328,246.94026,220.98227
  Europe,Other tanker trade loaded,..,..,..,..,..,..,..,..,..,..,..,..,..,..,..,..,..,..,..,..,..,..,..,..,..,..,..,..,..,..,..,..,..,..,..,..,275.20734,291.13565,295.12863,277.69678,305.91168,311.70908,327.46954,317.5081,307.96286,311.04553,300.6089,313.7809,303.5039,274.0389,252.0389
  Europe,Dry cargo loaded,..,..,..,..,..,..,..,..,..,..,..,..,..,..,..,..,..,..,..,..,..,..,..,..,..,..,..,..,..,..,..,..,..,..,..,..,1002.06384,1004.9777,993.5839,957.2738,1025.6288,1051.3265,1120.7522,1141.5021,1146.1888,1167.2352,1136.2908,1157.757,1174.7852,1078.7075,1057.7075
  Europe,Total goods loaded,..,..,..,..,..,..,..,..,..,..,..,..,..,..,..,..,..,..,..,..,..,..,..,..,..,..,..,..,..,..,..,..,..,..,..,..,1497.1566,1513.2269,1512.7191,1452.9888,1563.0891,1573.4313,1662.6857,1670.2397,1672.8597,1707.6749,1689.935,1747.5674,1752.1223,1599.6866,1530.7286
  Europe,Crude oil discharged,..,..,..,..,..,..,..,..,..,..,..,..,..,..,..,..,..,..,..,..,..,..,..,..,..,..,..,..,..,..,..,..,..,..,..,..,541.161,499.48685,494.15164,471.39435,481.51218,462.1025,471.8163,435.65244,434.82,487.738,475.2483,500.7013,483.286,468.10132,382.4468
  Europe,Other tanker trade discharged,..,..,..,..,..,..,..,..,..,..,..,..,..,..,..,..,..,..,..,..,..,..,..,..,..,..,..,..,..,..,..,..,..,..,..,..,284.62378,264.95703,276.0069,285.5954,284.3414,340.1201,327.26978,335.3945,310.25803,319.98798,298.6638,315.0568,299.30212,257.37097,197.28098
  Europe,Dry cargo discharged,..,..,..,..,..,..,..,..,..,..,..,..,..,..,..,..,..,..,..,..,..,..,..,..,..,..,..,..,..,..,..,..,..,..,..,..,1305.159,1217.5498,1288.5371,1016.45026,1106.4031,1155.9987,1175.7224,1159.615,1209.077,1213.3619,1299.5531,1286.8269,1319.8624,1228.4519,1047.6519
  Europe,Total goods discharged,..,..,..,..,..,..,..,..,..,..,..,..,..,..,..,..,..,..,..,..,..,..,..,..,..,..,..,..,..,..,..,..,..,..,..,..,2130.9438,1981.9937,2058.6958,1773.44,1872.2566,1958.2212,1974.8085,1930.6619,1954.155,2021.088,2073.465,2102.585,2102.4504,1953.9241,1627.3796
  Oceania,Crude oil loaded,..,..,..,..,..,..,..,..,..,..,..,..,..,..,..,..,..,..,..,..,..,..,..,..,..,..,..,..,..,..,..,..,..,..,..,..,11.058274,14.550664,17.823986,14.046372,17.86477,16.646116,16.861645,15.762058,13.582058,15.074058,15.234058,11.98,14.285,12.89,13.095
  Oceania,Other tanker trade loaded,..,..,..,..,..,..,..,..,..,..,..,..,..,..,..,..,..,..,..,..,..,..,..,..,..,..,..,..,..,..,..,..,..,..,..,..,4.434689,4.185701,4.053688,4.984578,4.71668,10.85687,21.080929,35.43316,41.97178,46.664337,49.0653,57.45907,60.517,60.926,57.757
  Oceania,Dry cargo loaded,..,..,..,..,..,..,..,..,..,..,..,..,..,..,..,..,..,..,..,..,..,..,..,..,..,..,..,..,..,..,..,..,..,..,..,..,637.17,660.724,723.2784,728.31396,898.767,923.40466,970.1578,988.4921,1183.5817,1202.3704,1298.3654,1441.334,1494.0134,1495.4702,1430.5208
  Oceania,Total goods loaded,..,..,..,..,..,..,..,..,..,..,..,..,..,..,..,..,..,..,..,..,..,..,..,..,..,..,..,..,..,..,..,..,..,..,..,..,652.66296,679.4604,745.15607,747.3449,921.34845,950.90765,1008.1004,1039.6874,1239.1355,1264.1088,1362.6648,1510.773,1568.8154,1569.2863,1501.3727
  Oceania,Crude oil discharged,..,..,..,..,..,..,..,..,..,..,..,..,..,..,..,..,..,..,..,..,..,..,..,..,..,..,..,..,..,..,..,..,..,..,..,..,26.765657,27.539612,27.81406,21.9987,25.350452,28.044111,32.3811,27.1128,28.077305,28.300985,25.262884,27.5255,29.62,23.419,17.576
  Oceania,Other tanker trade discharged,..,..,..,..,..,..,..,..,..,..,..,..,..,..,..,..,..,..,..,..,..,..,..,..,..,..,..,..,..,..,..,..,..,..,..,..,18.267618,22.08491,24.144403,18.847424,23.841522,22.476206,24.008205,28.843204,22.911304,24.47433,20.798204,21.657206,26.53793,23.282875,17.609083
  Oceania,Dry cargo discharged,..,..,..,..,..,..,..,..,..,..,..,..,..,..,..,..,..,..,..,..,..,..,..,..,..,..,..,..,..,..,..,..,..,..,..,..,58.112602,59.54587,64.786224,68.97596,69.155334,77.409386,82.1888,91.6093,104.63342,108.25279,113.2439,96.2374,102.62731,99.614655,93.23549
  Oceania,Total goods discharged,..,..,..,..,..,..,..,..,..,..,..,..,..,..,..,..,..,..,..,..,..,..,..,..,..,..,..,..,..,..,..,..,..,..,..,..,103.14588,109.170395,116.74469,109.82208,118.347305,127.9297,138.5781,147.5653,155.62204,161.0281,159.305,145.4201,158.78523,146.31653,128.42058
Asia and Oceania,Crude oil loaded,..,..,..,..,..,..,..,..,..,..,..,..,..,..,..,..,..,..,..,..,..,..,..,..,..,..,..,..,..,..,..,..,..,..,..,..,936.3016,956.93787,922.9932,888.5251,953.00867,924.4959,922.69586,925.2132,913.00806,963.14905,1014.3591,1009.0465,985.75543,892.998,864.917
Asia and Oceania,Other tanker trade loaded,..,..,..,..,..,..,..,..,..,..,..,..,..,..,..,..,..,..,..,..,..,..,..,..,..,..,..,..,..,..,..,..,..,..,..,..,373.42242,378.7256,366.69717,372.7575,380.1093,415.9121,433.69772,484.4559,523.08026,577.59186,655.7794,665.8517,683.6619,725.156,681.89
Asia and Oceania,Dry cargo loaded,..,..,..,..,..,..,..,..,..,..,..,..,..,..,..,..,..,..,..,..,..,..,..,..,..,..,..,..,..,..,..,..,..,..,..,..,2597.236,2755.2856,2861.016,2717.8481,2973.2227,3119.9739,3340.4856,3513.712,3845.634,3820.0251,3951.6821,4253.3516,4413.241,4472.0376,4349.354
Asia and Oceania,Total goods loaded,..,..,..,..,..,..,..,..,..,..,..,..,..,..,..,..,..,..,..,..,..,..,..,..,..,..,..,..,..,..,..,..,..,..,..,..,3906.96,4090.9492,4150.7065,3979.1309,4306.341,4460.382,4696.879,4923.381,5281.722,5360.766,5621.821,5928.25,6082.658,6090.1914,5896.161
Asia and Oceania,Crude oil discharged,..,..,..,..,..,..,..,..,..,..,..,..,..,..,..,..,..,..,..,..,..,..,..,..,..,..,..,..,..,..,..,..,..,..,..,..,792.7498,861.4889,848.11237,849.0677,883.06805,913.00085,949.047,983.8273,999.6853,1027.769,1122.3539,1178.6829,1223.2041,1225.314,1213.9491
Asia and Oceania,Other tanker trade discharged,..,..,..,..,..,..,..,..,..,..,..,..,..,..,..,..,..,..,..,..,..,..,..,..,..,..,..,..,..,..,..,..,..,..,..,..,356.1644,372.02618,404.4958,391.79004,435.23688,465.12177,481.8551,504.10275,503.83383,580.6188,631.8776,663.5197,699.30914,698.0209,693.47107
Asia and Oceania,Dry cargo discharged,..,..,..,..,..,..,..,..,..,..,..,..,..,..,..,..,..,..,..,..,..,..,..,..,..,..,..,..,..,..,..,..,..,..,..,..,2735.9258,2928.7231,3139.2983,3185.4,3430.6714,3639.9414,3902.0833,4212.4736,4409.1846,4451.5547,4589.8438,4839.724,4975.948,5137.7847,5186.8037
Asia and Oceania,Total goods discharged,..,..,..,..,..,..,..,..,..,..,..,..,..,..,..,..,..,..,..,..,..,..,..,..,..,..,..,..,..,..,..,..,..,..,..,..,3884.84,4162.2383,4391.9062,4426.258,4748.9766,5018.064,5332.9854,5700.404,5912.704,6059.9424,6344.075,6681.927,6898.4614,7061.1196,7094.2236
Northern America and Europe,Crude oil loaded,..,..,..,..,..,..,..,..,..,..,..,..,..,..,..,..,..,..,..,..,..,..,..,..,..,..,..,..,..,..,..,..,..,..,..,..,242.04045,241.96416,248.11215,241.89793,257.03497,234.6508,245.19133,244.95691,261.76324,280.44943,314.09055,349.00677,397.2406,442.4976,414.4596
Northern America and Europe,Other tanker trade loaded,..,..,..,..,..,..,..,..,..,..,..,..,..,..,..,..,..,..,..,..,..,..,..,..,..,..,..,..,..,..,..,..,..,..,..,..,361.57617,382.43747,414.13486,401.45184,432.85934,466.06265,464.91455,453.92676,447.6452,458.06418,442.62756,470.79956,477.0039,404.5389,361.3389
Northern America and Europe,Dry cargo loaded,..,..,..,..,..,..,..,..,..,..,..,..,..,..,..,..,..,..,..,..,..,..,..,..,..,..,..,..,..,..,..,..,..,..,..,..,1438.9093,1521.6831,1542.9945,1455.7719,1548.7244,1615.3241,1747.56,1791.6501,1786.2361,1847.2825,1819.7383,1863.757,1913.8252,1912.6605,1871.6605
Northern America and Europe,Total goods loaded,..,..,..,..,..,..,..,..,..,..,..,..,..,..,..,..,..,..,..,..,..,..,..,..,..,..,..,..,..,..,..,..,..,..,..,..,2042.5259,2146.0847,2205.2415,2099.1216,2238.6187,2316.0376,2457.666,2490.5337,2495.6445,2585.7961,2576.4563,2683.5632,2788.0696,2759.697,2647.459
Northern America and Europe,Crude oil discharged,..,..,..,..,..,..,..,..,..,..,..,..,..,..,..,..,..,..,..,..,..,..,..,..,..,..,..,..,..,..,..,..,..,..,..,..,1042.1229,1012.99805,975.4403,916.5783,944.9966,875.1419,873.5913,791.95245,748.1589,777.07684,772.49915,766.7513,739.486,717.0813,579.4268
Northern America and Europe,Other tanker trade discharged,..,..,..,..,..,..,..,..,..,..,..,..,..,..,..,..,..,..,..,..,..,..,..,..,..,..,..,..,..,..,..,..,..,..,..,..,440.29404,421.017,414.877,417.59244,419.54922,454.00394,439.3618,437.6945,412.91913,420.64908,393.46487,389.4129,390.05212,365.37097,290.58096
Northern America and Europe,Dry cargo discharged,..,..,..,..,..,..,..,..,..,..,..,..,..,..,..,..,..,..,..,..,..,..,..,..,..,..,..,..,..,..,..,..,..,..,..,..,1797.275,1670.6835,1702.8644,1322.8759,1441.3904,1524.5532,1554.2184,1590.9569,1629.2771,1642.562,1747.1075,1764.7308,1848.8624,1756.4558,1566.6559
Northern America and Europe,Total goods discharged,..,..,..,..,..,..,..,..,..,..,..,..,..,..,..,..,..,..,..,..,..,..,..,..,..,..,..,..,..,..,..,..,..,..,..,..,3279.692,3104.6985,3093.1816,2657.0466,2805.9363,2853.699,2867.1714,2820.604,2790.355,2840.288,2913.0715,2920.895,2978.4006,2838.9082,2436.6636
Eastern and South-Eastern Asia,Crude oil loaded,..,..,..,..,..,..,..,..,..,..,..,..,..,..,..,..,..,..,..,..,..,..,..,..,..,..,..,..,..,..,..,..,..,..,..,..,67.884,61.8586,61.2662,52.359,70.3262,59.8512,57.994217,52.14113,53.501,59.15,64.661,69.46,59.86641,51.549,52.939
Eastern and South-Eastern Asia,Other tanker trade loaded,..,..,..,..,..,..,..,..,..,..,..,..,..,..,..,..,..,..,..,..,..,..,..,..,..,..,..,..,..,..,..,..,..,..,..,..,162.813,169.29152,150.71936,181.77606,171.9127,207.1927,189.46703,228.96791,233.61191,243.71191,285.6582,316.9936,322.60193,352.859,341.859
Eastern and South-Eastern Asia,Dry cargo loaded,..,..,..,..,..,..,..,..,..,..,..,..,..,..,..,..,..,..,..,..,..,..,..,..,..,..,..,..,..,..,..,..,..,..,..,..,1589.899,1685.355,1724.3539,1584.1855,1601.5774,1685.0336,1857.5946,2015.9648,2089.4946,2053.3018,2051.806,2152.4358,2237.7175,2259.1243,2232.3303
Eastern and South-Eastern Asia,Total goods loaded,..,..,..,..,..,..,..,..,..,..,..,..,..,..,..,..,..,..,..,..,..,..,..,..,..,..,..,..,..,..,..,..,..,..,..,..,1820.5961,1916.5051,1936.3395,1818.3206,1843.8163,1952.0774,2105.056,2297.074,2376.6077,2356.1636,2402.125,2538.8894,2620.1858,2663.5322,2627.1284
Eastern and South-Eastern Asia,Crude oil discharged,..,..,..,..,..,..,..,..,..,..,..,..,..,..,..,..,..,..,..,..,..,..,..,..,..,..,..,..,..,..,..,..,..,..,..,..,610.34314,664.21,672.7546,641.2098,669.6664,698.358,713.80786,730.3135,742.47,764.08,804.603,866.077,896.8901,919.625,931.225
Eastern and South-Eastern Asia,Other tanker trade discharged,..,..,..,..,..,..,..,..,..,..,..,..,..,..,..,..,..,..,..,..,..,..,..,..,..,..,..,..,..,..,..,..,..,..,..,..,257.05548,266.6777,288.53946,280.40698,319.02945,352.6359,353.27338,375.26288,376.28387,435.58002,450.329,479.917,511.31,516.043,527.92
Eastern and South-Eastern Asia,Dry cargo discharged,..,..,..,..,..,..,..,..,..,..,..,..,..,..,..,..,..,..,..,..,..,..,..,..,..,..,..,..,..,..,..,..,..,..,..,..,2086.3074,2229.949,2329.194,2401.266,2627.1755,2775.626,3042.693,3337.0088,3488.7634,3486.0933,3642.803,3827.1042,3913.617,4061.3613,4145.5615
Eastern and South-Eastern Asia,Total goods discharged,..,..,..,..,..,..,..,..,..,..,..,..,..,..,..,..,..,..,..,..,..,..,..,..,..,..,..,..,..,..,..,..,..,..,..,..,2953.706,3160.8367,3290.4883,3322.8828,3615.8713,3826.62,4109.7744,4442.5854,4607.517,4685.7534,4897.735,5173.098,5321.817,5497.0293,5604.7065
Western Asia and Northern Africa,Crude oil loaded,..,..,..,..,..,..,..,..,..,..,..,..,..,..,..,..,..,..,..,..,..,..,..,..,..,..,..,..,..,..,..,..,..,..,..,..,862.4094,887.58374,849.33624,839.2646,866.7519,831.2077,912.79816,898.5318,865.59204,902.16205,899.00903,904.76953,911.453,864.443,812.967
Western Asia and Northern Africa,Other tanker trade loaded,..,..,..,..,..,..,..,..,..,..,..,..,..,..,..,..,..,..,..,..,..,..,..,..,..,..,..,..,..,..,..,..,..,..,..,..,225.55977,220.8893,225.7472,204.0824,222.31717,189.81612,198.62175,190.92015,212.83151,232.07652,266.37415,242.5926,241.97041,262.7026,235.02731
Western Asia and Northern Africa,Dry cargo loaded,..,..,..,..,..,..,..,..,..,..,..,..,..,..,..,..,..,..,..,..,..,..,..,..,..,..,..,..,..,..,..,..,..,..,..,..,265.76962,294.5508,292.67276,273.01797,288.3948,339.31787,357.74814,378.23425,424.11557,415.3559,478.34656,567.2248,602.10284,616.41833,582.47833
Western Asia and Northern Africa,Total goods loaded,..,..,..,..,..,..,..,..,..,..,..,..,..,..,..,..,..,..,..,..,..,..,..,..,..,..,..,..,..,..,..,..,..,..,..,..,1353.7388,1403.0238,1367.7561,1316.365,1377.4639,1360.3417,1469.168,1467.6862,1502.5391,1549.5944,1643.7297,1714.5869,1755.5262,1743.564,1630.4727
Western Asia and Northern Africa,Crude oil discharged,..,..,..,..,..,..,..,..,..,..,..,..,..,..,..,..,..,..,..,..,..,..,..,..,..,..,..,..,..,..,..,..,..,..,..,..,43.0978,52.017506,53.332333,45.358532,45.34127,41.092373,42.276665,41.17166,37.730663,40.980663,58.978664,65.611,65.272,57.425,42.2031
Western Asia and Northern Africa,Other tanker trade discharged,..,..,..,..,..,..,..,..,..,..,..,..,..,..,..,..,..,..,..,..,..,..,..,..,..,..,..,..,..,..,..,..,..,..,..,..,68.56337,70.7049,76.38005,72.592285,73.41499,75.654236,83.384636,91.46278,105.09679,113.2649,105.36253,127.161,130.7937,121.373,112.02
Western Asia and Northern Africa,Dry cargo discharged,..,..,..,..,..,..,..,..,..,..,..,..,..,..,..,..,..,..,..,..,..,..,..,..,..,..,..,..,..,..,..,..,..,..,..,..,495.85828,531.6545,530.4242,492.78122,521.40027,513.47125,541.8901,566.7173,596.7432,644.23047,658.3298,654.5085,677.2666,693.3566,664.6546
Western Asia and Northern Africa,Total goods discharged,..,..,..,..,..,..,..,..,..,..,..,..,..,..,..,..,..,..,..,..,..,..,..,..,..,..,..,..,..,..,..,..,..,..,..,..,607.5195,654.3769,660.1366,610.73206,640.1565,630.2179,667.5514,699.35175,739.5707,798.476,822.67096,847.28046,873.33234,872.1546,818.8777
Developing regions (M49),Crude oil loaded,..,..,..,..,..,..,..,..,..,..,..,..,..,..,..,..,..,..,..,..,..,..,..,..,..,..,..,..,..,..,..,..,..,..,..,..,1531.5214,1558.3759,1520.0214,1455.2948,1510.8773,1500.985,1524.6935,1478.2872,1437.8081,1466.7711,1504.4788,1515.185,1471.2344,1406.6752,1290.1
Developing regions (M49),Other tanker trade loaded,..,..,..,..,..,..,..,..,..,..,..,..,..,..,..,..,..,..,..,..,..,..,..,..,..,..,..,..,..,..,..,..,..,..,..,..,539.1173,532.8608,518.24866,505.64966,506.06372,534.6318,554.7452,588.01636,621.3651,667.69666,742.82825,746.3796,774.7561,825.54584,772.03094
Developing regions (M49),Dry cargo loaded,..,..,..,..,..,..,..,..,..,..,..,..,..,..,..,..,..,..,..,..,..,..,..,..,..,..,..,..,..,..,..,..,..,..,..,..,2779.0122,2949.6687,3061.9575,2857.8508,3055.0464,3278.8108,3478.8972,3675.0005,3847.9788,3852.6152,3886.2466,4073.2358,4222.332,4335.0674,4268.79
Developing regions (M49),Total goods loaded,..,..,..,..,..,..,..,..,..,..,..,..,..,..,..,..,..,..,..,..,..,..,..,..,..,..,..,..,..,..,..,..,..,..,..,..,4849.651,5040.9053,5100.2275,4818.7954,5071.9873,5314.4272,5558.336,5741.3037,5907.152,5987.083,6133.5537,6334.8003,6468.3228,6567.2886,6330.921
Developing regions (M49),Crude oil discharged,..,..,..,..,..,..,..,..,..,..,..,..,..,..,..,..,..,..,..,..,..,..,..,..,..,..,..,..,..,..,..,..,..,..,..,..,658.2649,742.91876,685.4024,745.7776,777.4486,807.21063,833.5811,873.9392,885.50226,915.38574,997.90875,1054.1791,1116.6533,1120.7305,1131.1575
Developing regions (M49),Other tanker trade discharged,..,..,..,..,..,..,..,..,..,..,..,..,..,..,..,..,..,..,..,..,..,..,..,..,..,..,..,..,..,..,..,..,..,..,..,..,354.91534,374.81976,405.89777,389.0134,421.8287,454.40213,496.14844,524.2989,565.26874,640.94855,734.9581,788.6294,839.05524,857.2028,851.729
Developing regions (M49),Dry cargo discharged,..,..,..,..,..,..,..,..,..,..,..,..,..,..,..,..,..,..,..,..,..,..,..,..,..,..,..,..,..,..,..,..,..,..,..,..,2657.1907,2882.2192,3111.0332,3243.4023,3471.2854,3694.3232,3990.0554,4294.7993,4482.1807,4579.2573,4675.4824,4954.2803,5120.742,5298.889,5403.003
Developing regions (M49),Total goods discharged,..,..,..,..,..,..,..,..,..,..,..,..,..,..,..,..,..,..,..,..,..,..,..,..,..,..,..,..,..,..,..,..,..,..,..,..,3670.3708,3999.9578,4202.3335,4378.1934,4670.5625,4955.936,5319.785,5693.037,5932.9517,6135.5913,6408.349,6797.089,7076.4507,7276.8223,7385.889
Developed regions (M49),Crude oil loaded,..,..,..,..,..,..,..,..,..,..,..,..,..,..,..,..,..,..,..,..,..,..,..,..,..,..,..,..,..,..,..,..,..,..,..,..,251.89357,255.30966,264.8276,254.84407,273.71463,249.9958,260.73184,259.3869,273.89322,293.97943,327.78052,359.38678,409.81558,453.5876,425.8596
Developed regions (M49),Other tanker trade loaded,..,..,..,..,..,..,..,..,..,..,..,..,..,..,..,..,..,..,..,..,..,..,..,..,..,..,..,..,..,..,..,..,..,..,..,..,375.79257,400.79898,438.90887,425.49158,461.6527,493.84265,499.96323,502.56607,500.13452,510.35352,495.27853,532.63556,544.9939,477.1039,430.2709
Developed regions (M49),Dry cargo loaded,..,..,..,..,..,..,..,..,..,..,..,..,..,..,..,..,..,..,..,..,..,..,..,..,..,..,..,..,..,..,..,..,..,..,..,..,2224.77,2339.2166,2423.5652,2318.9785,2593.5688,2680.2874,2878.3499,2949.669,3135.2637,3221.7102,3290.0012,3487.067,3596.0178,3572.5532,3461.2273
Developed regions (M49),Total goods loaded,..,..,..,..,..,..,..,..,..,..,..,..,..,..,..,..,..,..,..,..,..,..,..,..,..,..,..,..,..,..,..,..,..,..,..,..,2852.456,2995.3252,3127.3018,2999.3142,3328.9363,3424.1257,3639.045,3711.622,3909.2915,4026.043,4113.0605,4379.0894,4550.827,4503.2446,4317.358
Developed regions (M49),Crude oil discharged,..,..,..,..,..,..,..,..,..,..,..,..,..,..,..,..,..,..,..,..,..,..,..,..,..,..,..,..,..,..,..,..,..,..,..,..,1281.6251,1253.2742,1257.3871,1128.8195,1161.9365,1089.8048,1096.4257,1007.82556,964.65393,994.57196,987.5632,979.2753,932.15,902.0263,732.4599
Developed regions (M49),Other tanker trade discharged,..,..,..,..,..,..,..,..,..,..,..,..,..,..,..,..,..,..,..,..,..,..,..,..,..,..,..,..,..,..,..,..,..,..,..,..,542.2595,526.7998,526.8772,533.6852,548.89655,584.9049,559.69476,566.3655,522.2901,534.5201,499.80786,499.2559,499.49515,463.28397,370.248
Developed regions (M49),Dry cargo discharged,..,..,..,..,..,..,..,..,..,..,..,..,..,..,..,..,..,..,..,..,..,..,..,..,..,..,..,..,..,..,..,..,..,..,..,..,2408.429,2283.2708,2308.3481,1800.7137,1982.7609,2071.7114,2139.3955,2216.023,2300.0579,2300.043,2407.4346,2411.3792,2508.6511,2412.9448,2142.466
Developed regions (M49),Total goods discharged,..,..,..,..,..,..,..,..,..,..,..,..,..,..,..,..,..,..,..,..,..,..,..,..,..,..,..,..,..,..,..,..,..,..,..,..,4232.3135,4063.3447,4092.6123,3463.2185,3693.594,3746.4211,3795.5159,3790.2139,3787.002,3829.135,3894.8057,3889.9104,3940.2961,3778.2551,3245.174
Developing economies: Asia and Oceania,Crude oil loaded,..,..,..,..,..,..,..,..,..,..,..,..,..,..,..,..,..,..,..,..,..,..,..,..,..,..,..,..,..,..,..,..,..,..,..,..,926.4484,943.5924,906.2777,875.579,936.32904,909.15094,907.15533,910.7832,900.87805,949.6191,1000.66907,998.6665,973.1804,881.908,853.517
Developing economies: Asia and Oceania,Other tanker trade loaded,..,..,..,..,..,..,..,..,..,..,..,..,..,..,..,..,..,..,..,..,..,..,..,..,..,..,..,..,..,..,..,..,..,..,..,..,359.20602,360.36404,341.92316,348.7178,351.31598,388.1321,398.64905,435.8166,470.59097,525.30255,603.1284,604.0157,615.67194,652.591,612.958
Developing economies: Asia and Oceania,Dry cargo loaded,..,..,..,..,..,..,..,..,..,..,..,..,..,..,..,..,..,..,..,..,..,..,..,..,..,..,..,..,..,..,..,..,..,..,..,..,1811.3755,1937.7521,1980.4453,1854.6415,1928.378,2055.0107,2209.6958,2355.6929,2496.6064,2445.5974,2481.4192,2630.0417,2731.0483,2812.145,2759.7874
Developing economies: Asia and Oceania,Total goods loaded,..,..,..,..,..,..,..,..,..,..,..,..,..,..,..,..,..,..,..,..,..,..,..,..,..,..,..,..,..,..,..,..,..,..,..,..,3097.03,3241.7085,3228.6462,3078.9382,3216.023,3352.2937,3515.5002,3702.2927,3868.0754,3920.519,4085.2168,4232.724,4319.901,4346.644,4226.262
Developing economies: Asia and Oceania,Crude oil discharged,..,..,..,..,..,..,..,..,..,..,..,..,..,..,..,..,..,..,..,..,..,..,..,..,..,..,..,..,..,..,..,..,..,..,..,..,553.2477,621.21277,566.16547,636.8266,666.1281,698.33795,726.2126,767.95416,783.19025,810.2739,907.2899,966.1589,1030.54,1040.369,1060.916
Developing economies: Asia and Oceania,Other tanker trade discharged,..,..,..,..,..,..,..,..,..,..,..,..,..,..,..,..,..,..,..,..,..,..,..,..,..,..,..,..,..,..,..,..,..,..,..,..,254.1989,266.24338,292.4956,275.69727,305.88956,334.22076,361.5221,375.43173,394.46283,466.74777,525.5346,553.6767,589.86615,600.10785,613.8041
Developing economies: Asia and Oceania,Dry cargo discharged,..,..,..,..,..,..,..,..,..,..,..,..,..,..,..,..,..,..,..,..,..,..,..,..,..,..,..,..,..,..,..,..,..,..,..,..,2124.772,2316.136,2533.8147,2707.562,2889.3008,3092.7834,3316.9062,3587.4077,3738.4038,3794.0735,3929.5166,4193.0757,4316.1597,4481.296,4610.993
Developing economies: Asia and Oceania,Total goods discharged,..,..,..,..,..,..,..,..,..,..,..,..,..,..,..,..,..,..,..,..,..,..,..,..,..,..,..,..,..,..,..,..,..,..,..,..,2932.2185,3203.592,3392.4756,3620.086,3861.3186,4125.3423,4404.641,4730.794,4916.057,5071.095,5362.3413,5712.911,5936.566,6121.7725,6285.7134
Developing economies: Asia,Crude oil loaded,..,..,..,..,..,..,..,..,..,..,..,..,..,..,..,..,..,..,..,..,..,..,..,..,..,..,..,..,..,..,..,..,..,..,..,..,925.2433,942.3872,905.1692,874.4787,935.1439,907.8498,905.8342,909.4512,899.426,948.075,999.125,997.0665,971.4704,880.108,851.822
Developing economies: Asia,Other tanker trade loaded,..,..,..,..,..,..,..,..,..,..,..,..,..,..,..,..,..,..,..,..,..,..,..,..,..,..,..,..,..,..,..,..,..,..,..,..,358.97095,360.12897,341.6927,348.49893,350.92065,387.63623,398.1068,435.17175,466.5075,517.5265,594.96313,595.7566,607.9099,644.63,605.833
Developing economies: Asia,Dry cargo loaded,..,..,..,..,..,..,..,..,..,..,..,..,..,..,..,..,..,..,..,..,..,..,..,..,..,..,..,..,..,..,..,..,..,..,..,..,1806.9374,1933.3141,1975.6886,1849.7643,1923.2496,2049.7864,2204.3628,2350.2559,2491.6384,2440.6406,2476.669,2625.4849,2725.9946,2806.6343,2754.5403
Developing economies: Asia,Total goods loaded,..,..,..,..,..,..,..,..,..,..,..,..,..,..,..,..,..,..,..,..,..,..,..,..,..,..,..,..,..,..,..,..,..,..,..,..,3091.1516,3235.8303,3222.5505,3072.742,3209.3142,3345.2722,3508.3037,3694.8787,3857.5718,3906.2422,4070.757,4218.308,4305.375,4331.3726,4212.1953
Developing economies: Asia,Crude oil discharged,..,..,..,..,..,..,..,..,..,..,..,..,..,..,..,..,..,..,..,..,..,..,..,..,..,..,..,..,..,..,..,..,..,..,..,..,552.7272,620.69226,565.64825,636.3216,665.6096,697.82623,725.72986,767.3645,782.536,809.596,906.60205,965.56836,1029.6951,1039.625,1060.225
Developing economies: Asia,Other tanker trade discharged,..,..,..,..,..,..,..,..,..,..,..,..,..,..,..,..,..,..,..,..,..,..,..,..,..,..,..,..,..,..,..,..,..,..,..,..,249.4308,261.47528,287.5494,270.67307,300.76035,329.0746,356.2559,370.08853,390.15152,462.3734,521.1364,549.5195,584.8282,595.625,609.635
Developing economies: Asia,Dry cargo discharged,..,..,..,..,..,..,..,..,..,..,..,..,..,..,..,..,..,..,..,..,..,..,..,..,..,..,..,..,..,..,..,..,..,..,..,..,2116.8953,2308.2593,2525.716,2699.4045,2881.0762,3084.4187,3308.5144,3578.9634,3730.3474,3785.9978,3921.035,4185.3193,4307.954,4472.7026,4602.5728
Developing economies: Asia,Total goods discharged,..,..,..,..,..,..,..,..,..,..,..,..,..,..,..,..,..,..,..,..,..,..,..,..,..,..,..,..,..,..,..,..,..,..,..,..,2919.0532,3190.427,3378.9138,3606.3992,3847.446,4111.3193,4390.5005,4716.4165,4903.035,5057.9673,5348.7734,5700.407,5922.477,6107.9526,6272.4326
Developing economies: Oceania,Crude oil loaded,..,..,..,..,..,..,..,..,..,..,..,..,..,..,..,..,..,..,..,..,..,..,..,..,..,..,..,..,..,..,..,..,..,..,..,..,1.20516,1.20516,1.108516,1.100231,1.185116,1.301116,1.321116,1.332058,1.452058,1.544058,1.544058,1.6,1.71,1.8,1.695
Developing economies: Oceania,Other tanker trade loaded,..,..,..,..,..,..,..,..,..,..,..,..,..,..,..,..,..,..,..,..,..,..,..,..,..,..,..,..,..,..,..,..,..,..,..,..,0.23507,0.23507,0.23047,0.21887,0.39532,0.49587,0.54225,0.644837,4.083457,7.776015,8.1653,8.25907,7.762,7.961,7.125
Developing economies: Oceania,Dry cargo loaded,..,..,..,..,..,..,..,..,..,..,..,..,..,..,..,..,..,..,..,..,..,..,..,..,..,..,..,..,..,..,..,..,..,..,..,..,4.43807,4.43807,4.75667,4.87727,5.128407,5.224407,5.333007,5.437207,4.968038,4.956707,4.750386,4.556934,5.053748,5.510548,5.247
Developing economies: Oceania,Total goods loaded,..,..,..,..,..,..,..,..,..,..,..,..,..,..,..,..,..,..,..,..,..,..,..,..,..,..,..,..,..,..,..,..,..,..,..,..,5.8783,5.8783,6.095656,6.196371,6.708843,7.021393,7.196373,7.414102,10.503553,14.27678,14.459744,14.416004,14.525748,15.271548,14.067
Developing economies: Oceania,Crude oil discharged,..,..,..,..,..,..,..,..,..,..,..,..,..,..,..,..,..,..,..,..,..,..,..,..,..,..,..,..,..,..,..,..,..,..,..,..,0.5205,0.5205,0.5172,0.505,0.5185,0.5117,0.4827,0.5897,0.654205,0.677885,0.687885,0.5905,0.845,0.744,0.691
Developing economies: Oceania,Other tanker trade discharged,..,..,..,..,..,..,..,..,..,..,..,..,..,..,..,..,..,..,..,..,..,..,..,..,..,..,..,..,..,..,..,..,..,..,..,..,4.768105,4.768105,4.946205,5.024205,5.129205,5.146205,5.266205,5.343205,4.311305,4.37433,4.398205,4.157205,5.03793,4.482875,4.169083
Developing economies: Oceania,Dry cargo discharged,..,..,..,..,..,..,..,..,..,..,..,..,..,..,..,..,..,..,..,..,..,..,..,..,..,..,..,..,..,..,..,..,..,..,..,..,7.876596,7.876596,8.098596,8.157596,8.224796,8.364796,8.391796,8.444396,8.056523,8.075896,8.481896,7.756396,8.20562,8.592964,8.4206
Developing economies: Oceania,Total goods discharged,..,..,..,..,..,..,..,..,..,..,..,..,..,..,..,..,..,..,..,..,..,..,..,..,..,..,..,..,..,..,..,..,..,..,..,..,13.165201,13.165201,13.562001,13.686801,13.872501,14.022701,14.140701,14.377301,13.022033,13.128111,13.567986,12.504101,14.08855,13.819839,13.280683
Developed economies: Asia and Oceania,Crude oil loaded,..,..,..,..,..,..,..,..,..,..,..,..,..,..,..,..,..,..,..,..,..,..,..,..,..,..,..,..,..,..,..,..,..,..,..,..,9.853114,13.345504,16.71547,12.946141,16.679653,15.345,15.540529,14.43,12.13,13.53,13.69,10.38,12.575,11.09,11.4
Developed economies: Asia and Oceania,Other tanker trade loaded,..,..,..,..,..,..,..,..,..,..,..,..,..,..,..,..,..,..,..,..,..,..,..,..,..,..,..,..,..,..,..,..,..,..,..,..,14.216406,18.36153,24.774006,24.039707,28.79336,27.78,35.04868,48.639324,52.489323,52.28932,52.651,61.836,67.99,72.565,68.932
Developed economies: Asia and Oceania,Dry cargo loaded,..,..,..,..,..,..,..,..,..,..,..,..,..,..,..,..,..,..,..,..,..,..,..,..,..,..,..,..,..,..,..,..,..,..,..,..,785.8606,817.5335,880.5707,863.20667,1044.8446,1064.9633,1130.7898,1158.0189,1349.0277,1374.4277,1470.263,1623.31,1682.1927,1659.8927,1589.5667
Developed economies: Asia and Oceania,Total goods loaded,..,..,..,..,..,..,..,..,..,..,..,..,..,..,..,..,..,..,..,..,..,..,..,..,..,..,..,..,..,..,..,..,..,..,..,..,809.9301,849.24054,922.0602,900.19257,1090.3176,1108.0883,1181.379,1221.0883,1413.647,1440.247,1536.604,1695.526,1762.7577,1743.5477,1669.8987
Developed economies: Asia and Oceania,Crude oil discharged,..,..,..,..,..,..,..,..,..,..,..,..,..,..,..,..,..,..,..,..,..,..,..,..,..,..,..,..,..,..,..,..,..,..,..,..,239.50215,240.27611,281.94687,212.24112,216.93996,214.66292,222.8344,215.8731,216.4951,217.4951,215.064,212.524,192.664,184.945,153.0331
Developed economies: Asia and Oceania,Other tanker trade discharged,..,..,..,..,..,..,..,..,..,..,..,..,..,..,..,..,..,..,..,..,..,..,..,..,..,..,..,..,..,..,..,..,..,..,..,..,101.965515,105.78281,112.0002,116.09276,129.34732,130.901,120.333,128.671,109.371,113.871,106.343,109.843,109.443,97.913,79.667
Developed economies: Asia and Oceania,Dry cargo discharged,..,..,..,..,..,..,..,..,..,..,..,..,..,..,..,..,..,..,..,..,..,..,..,..,..,..,..,..,..,..,..,..,..,..,..,..,611.15393,612.58716,605.48364,477.83795,541.37054,547.1581,585.177,625.0659,670.7809,657.4809,660.3271,646.6484,659.7887,656.4891,575.8103
Developed economies: Asia and Oceania,Total goods discharged,..,..,..,..,..,..,..,..,..,..,..,..,..,..,..,..,..,..,..,..,..,..,..,..,..,..,..,..,..,..,..,..,..,..,..,..,952.6216,958.6461,999.43066,806.1718,887.65784,892.722,928.3444,969.61,996.647,988.847,981.7341,969.0154,961.8957,939.3471,808.5104
Developed economies: Asia,Crude oil loaded,..,..,..,..,..,..,..,..,..,..,..,..,..,..,..,..,..,..,..,..,..,..,..,..,..,..,..,..,..,..,..,..,..,..,..,..,0.0,0.0,0.0,0.0,0.0,0.0,0.0,0.0,0.0,0.0,0.0,0.0,0.0,0.0,0.0
Developed economies: Asia,Other tanker trade loaded,..,..,..,..,..,..,..,..,..,..,..,..,..,..,..,..,..,..,..,..,..,..,..,..,..,..,..,..,..,..,..,..,..,..,..,..,10.016787,14.4109,20.950787,19.274,24.472,17.419,14.51,13.851,14.601,13.401,11.751,12.636,15.235,19.6,18.3
Developed economies: Asia,Dry cargo loaded,..,..,..,..,..,..,..,..,..,..,..,..,..,..,..,..,..,..,..,..,..,..,..,..,..,..,..,..,..,..,..,..,..,..,..,..,153.12868,161.24757,162.049,139.77,151.206,146.783,165.965,174.964,170.414,177.014,176.648,186.533,193.233,169.933,164.293
Developed economies: Asia,Total goods loaded,..,..,..,..,..,..,..,..,..,..,..,..,..,..,..,..,..,..,..,..,..,..,..,..,..,..,..,..,..,..,..,..,..,..,..,..,163.14546,175.65846,182.99979,159.044,175.678,164.202,180.475,188.815,185.015,190.415,188.399,199.169,208.468,189.533,182.593
Developed economies: Asia,Crude oil discharged,..,..,..,..,..,..,..,..,..,..,..,..,..,..,..,..,..,..,..,..,..,..,..,..,..,..,..,..,..,..,..,..,..,..,..,..,213.257,213.257,254.65,190.74742,192.108,187.1305,190.936,189.35,189.072,189.872,190.489,185.589,163.889,162.27,136.1481
Developed economies: Asia,Other tanker trade discharged,..,..,..,..,..,..,..,..,..,..,..,..,..,..,..,..,..,..,..,..,..,..,..,..,..,..,..,..,..,..,..,..,..,..,..,..,88.466,88.466,92.802,102.26954,110.635,113.571,101.591,105.171,90.771,93.771,89.943,92.343,87.943,79.113,66.227
Developed economies: Asia,Dry cargo discharged,..,..,..,..,..,..,..,..,..,..,..,..,..,..,..,..,..,..,..,..,..,..,..,..,..,..,..,..,..,..,..,..,..,..,..,..,560.9179,560.9179,548.796,417.0196,480.44,478.1135,511.38,541.901,574.204,557.304,555.5651,558.1674,565.367,565.4674,490.9954
Developed economies: Asia,Total goods discharged,..,..,..,..,..,..,..,..,..,..,..,..,..,..,..,..,..,..,..,..,..,..,..,..,..,..,..,..,..,..,..,..,..,..,..,..,862.64087,862.64087,896.248,710.03656,783.183,778.815,803.907,836.422,854.047,840.947,835.9971,836.0994,817.199,806.8504,693.3705
Developed economies: Oceania,Crude oil loaded,..,..,..,..,..,..,..,..,..,..,..,..,..,..,..,..,..,..,..,..,..,..,..,..,..,..,..,..,..,..,..,..,..,..,..,..,9.853114,13.345504,16.71547,12.946141,16.679653,15.345,15.540529,14.43,12.13,13.53,13.69,10.38,12.575,11.09,11.4
Developed economies: Oceania,Other tanker trade loaded,..,..,..,..,..,..,..,..,..,..,..,..,..,..,..,..,..,..,..,..,..,..,..,..,..,..,..,..,..,..,..,..,..,..,..,..,4.199619,3.950631,3.823218,4.765708,4.32136,10.361,20.53868,34.788322,37.888325,38.888325,40.9,49.2,52.755,52.965,50.632
Developed economies: Oceania,Dry cargo loaded,..,..,..,..,..,..,..,..,..,..,..,..,..,..,..,..,..,..,..,..,..,..,..,..,..,..,..,..,..,..,..,..,..,..,..,..,632.73193,656.28595,718.5217,723.4367,893.6386,918.1803,964.82477,983.0549,1178.6136,1197.4137,1293.615,1436.777,1488.9597,1489.9597,1425.2737
Developed economies: Oceania,Total goods loaded,..,..,..,..,..,..,..,..,..,..,..,..,..,..,..,..,..,..,..,..,..,..,..,..,..,..,..,..,..,..,..,..,..,..,..,..,646.78467,673.5821,739.06036,741.14856,914.63965,943.8863,1000.904,1032.2732,1228.632,1249.832,1348.205,1496.357,1554.2897,1554.0146,1487.3057
Developed economies: Oceania,Crude oil discharged,..,..,..,..,..,..,..,..,..,..,..,..,..,..,..,..,..,..,..,..,..,..,..,..,..,..,..,..,..,..,..,..,..,..,..,..,26.245157,27.019112,27.296862,21.4937,24.831951,27.532412,31.8984,26.5231,27.4231,27.6231,24.575,26.935,28.775,22.675,16.885
Developed economies: Oceania,Other tanker trade discharged,..,..,..,..,..,..,..,..,..,..,..,..,..,..,..,..,..,..,..,..,..,..,..,..,..,..,..,..,..,..,..,..,..,..,..,..,13.499513,17.316805,19.198198,13.823218,18.712318,17.33,18.742,23.5,18.6,20.1,16.4,17.5,21.5,18.8,13.44
Developed economies: Oceania,Dry cargo discharged,..,..,..,..,..,..,..,..,..,..,..,..,..,..,..,..,..,..,..,..,..,..,..,..,..,..,..,..,..,..,..,..,..,..,..,..,50.236008,51.669273,56.68763,60.818367,60.93054,69.044586,73.797,83.1649,96.5769,100.1769,104.762,88.481,94.42169,91.02169,84.81489
Developed economies: Oceania,Total goods discharged,..,..,..,..,..,..,..,..,..,..,..,..,..,..,..,..,..,..,..,..,..,..,..,..,..,..,..,..,..,..,..,..,..,..,..,..,89.980675,96.00519,103.18269,96.135284,104.47481,113.907,124.4374,133.188,142.6,147.9,145.737,132.916,144.69669,132.49669,115.13989
